連番,計測時間,閾値設定値,アラートレベル,基準画像,基準画像の日時,画像差異,画像差異（色）,画像差異（位置）, 防犯・防災アラート対象
1,"2017/11/01 11:39:05.76",30,0,1,"2017/11/01 11:39:05.76",0,0,0,1
2,"2017/11/01 11:39:07.08",30,3,0,"2017/11/01 11:39:05.76",44,44,39,1
3,"2017/11/01 11:39:08.41",30,0,0,"2017/11/01 11:39:05.76",20,20,15,1
4,"2017/11/01 11:39:10.64",30,2,0,"2017/11/01 11:39:05.76",36,36,29,1
5,"2017/11/01 11:39:11.95",30,0,0,"2017/11/01 11:39:05.76",29,29,20,1
6,"2017/11/01 11:39:13.28",30,1,0,"2017/11/01 11:39:05.76",32,32,22,1
7,"2017/11/01 11:39:14.61",30,3,0,"2017/11/01 11:39:05.76",43,43,25,1
8,"2017/11/01 11:39:15.94",30,2,0,"2017/11/01 11:39:05.76",36,36,25,1
9,"2017/11/01 11:39:17.28",30,3,0,"2017/11/01 11:39:05.76",42,42,27,1
10,"2017/11/01 11:39:18.62",30,3,0,"2017/11/01 11:39:05.76",48,48,37,1
11,"2017/11/01 11:39:19.95",30,2,0,"2017/11/01 11:39:05.76",35,35,21,1
12,"2017/11/01 11:39:22.56",30,2,0,"2017/11/01 11:39:05.76",35,35,25,1
13,"2017/11/01 11:39:23.86",30,3,0,"2017/11/01 11:39:05.76",48,48,28,1
14,"2017/11/01 11:39:25.17",30,3,0,"2017/11/01 11:39:05.76",42,42,21,1
15,"2017/11/01 11:39:26.48",30,3,0,"2017/11/01 11:39:05.76",44,44,27,1
16,"2017/11/01 11:39:27.81",30,3,0,"2017/11/01 11:39:05.76",45,45,23,1
17,"2017/11/01 11:39:29.14",30,3,0,"2017/11/01 11:39:05.76",45,45,26,1
18,"2017/11/01 11:39:30.47",30,3,0,"2017/11/01 11:39:05.76",46,46,16,1
19,"2017/11/01 11:39:31.79",30,3,0,"2017/11/01 11:39:05.76",48,48,24,1
20,"2017/11/01 11:39:33.12",30,3,0,"2017/11/01 11:39:05.76",62,62,27,1
21,"2017/11/01 11:39:34.42",30,3,0,"2017/11/01 11:39:05.76",53,53,22,1
22,"2017/11/01 11:39:35.73",30,3,0,"2017/11/01 11:39:05.76",46,46,25,1
23,"2017/11/01 11:39:37.03",30,3,0,"2017/11/01 11:39:05.76",43,43,21,1
24,"2017/11/01 11:39:38.36",30,2,0,"2017/11/01 11:39:05.76",39,39,25,1
25,"2017/11/01 11:39:39.67",30,3,0,"2017/11/01 11:39:05.76",52,52,30,1
26,"2017/11/01 11:39:41.01",30,3,0,"2017/11/01 11:39:05.76",64,64,40,1
27,"2017/11/01 11:39:42.34",30,3,0,"2017/11/01 11:39:05.76",61,61,41,1
28,"2017/11/01 11:39:43.67",30,0,0,"2017/11/01 11:39:05.76",17,17,15,1
29,"2017/11/01 11:39:44.99",30,3,0,"2017/11/01 11:39:05.76",49,49,46,1
30,"2017/11/01 11:39:46.32",30,1,0,"2017/11/01 11:39:05.76",34,34,30,1
31,"2017/11/01 11:39:47.65",30,3,0,"2017/11/01 11:39:05.76",66,66,43,1
32,"2017/11/01 11:39:49.01",30,3,0,"2017/11/01 11:39:05.76",67,67,55,1
33,"2017/11/01 11:39:50.34",30,0,0,"2017/11/01 11:39:05.76",19,19,13,1
34,"2017/11/01 11:39:51.64",30,3,0,"2017/11/01 11:39:05.76",59,59,36,1
35,"2017/11/01 11:39:53.00",30,3,0,"2017/11/01 11:39:05.76",65,65,32,1
36,"2017/11/01 11:39:55.62",30,3,0,"2017/11/01 11:39:05.76",63,63,46,1
37,"2017/11/01 11:39:56.94",30,3,0,"2017/11/01 11:39:05.76",62,62,45,1
38,"2017/11/01 11:39:58.27",30,3,0,"2017/11/01 11:39:05.76",43,43,21,1
39,"2017/11/01 11:39:59.60",30,0,0,"2017/11/01 11:39:05.76",29,29,15,1
40,"2017/11/01 11:40:00.92",30,0,0,"2017/11/01 11:39:05.76",17,17,18,1
41,"2017/11/01 11:40:02.24",30,0,0,"2017/11/01 11:39:05.76",17,17,15,1
42,"2017/11/01 11:40:03.55",30,1,0,"2017/11/01 11:39:05.76",34,34,21,1
43,"2017/11/01 11:40:04.90",30,3,0,"2017/11/01 11:39:05.76",44,44,34,1
44,"2017/11/01 11:40:06.24",30,3,1,"2017/11/01 11:39:05.76",46,46,36,1
45,"2017/11/01 11:40:07.59",30,0,0,"2017/11/01 11:40:06.24",5,5,1,1
46,"2017/11/01 11:40:08.92",30,2,0,"2017/11/01 11:40:06.24",37,37,36,1
47,"2017/11/01 11:40:10.25",30,2,0,"2017/11/01 11:40:06.24",38,38,36,1
48,"2017/11/01 11:40:11.58",30,2,0,"2017/11/01 11:40:06.24",37,37,42,1
49,"2017/11/01 11:40:12.90",30,2,0,"2017/11/01 11:40:06.24",36,36,39,1
50,"2017/11/01 11:40:14.26",30,3,0,"2017/11/01 11:40:06.24",42,42,23,1
51,"2017/11/01 11:40:15.69",30,3,0,"2017/11/01 11:40:06.24",58,58,39,1
52,"2017/11/01 11:40:17.02",30,3,0,"2017/11/01 11:40:06.24",47,47,36,1
53,"2017/11/01 11:40:18.35",30,2,0,"2017/11/01 11:40:06.24",38,38,29,1
54,"2017/11/01 11:40:19.67",30,3,0,"2017/11/01 11:40:06.24",57,57,39,1
55,"2017/11/01 11:40:20.99",30,2,0,"2017/11/01 11:40:06.24",35,35,34,1
56,"2017/11/01 11:41:36.41",30,0,1,"2017/11/01 11:41:36.41",0,0,0,1
57,"2017/11/01 11:41:37.84",30,0,0,"2017/11/01 11:41:36.41",3,3,3,1
58,"2017/11/01 11:41:39.16",30,0,0,"2017/11/01 11:41:36.41",3,3,2,1
59,"2017/11/01 11:41:40.49",30,0,0,"2017/11/01 11:41:36.41",3,3,3,1
60,"2017/11/01 11:41:41.81",30,0,0,"2017/11/01 11:41:36.41",4,4,3,1
61,"2017/11/01 11:41:43.49",30,0,0,"2017/11/01 11:41:36.41",4,4,3,1
62,"2017/11/01 11:41:44.81",30,0,0,"2017/11/01 11:41:36.41",4,4,2,1
63,"2017/11/01 11:41:46.13",30,0,0,"2017/11/01 11:41:36.41",4,4,2,1
64,"2017/11/01 11:41:47.47",30,0,0,"2017/11/01 11:41:36.41",3,3,2,1
65,"2017/11/01 11:41:48.83",30,0,0,"2017/11/01 11:41:36.41",2,2,2,1
66,"2017/11/01 11:41:50.16",30,0,0,"2017/11/01 11:41:36.41",2,2,2,1
67,"2017/11/01 11:41:51.48",30,0,0,"2017/11/01 11:41:36.41",3,3,2,1
68,"2017/11/01 11:41:52.79",30,0,0,"2017/11/01 11:41:36.41",2,2,3,1
69,"2017/11/01 11:41:54.10",30,0,0,"2017/11/01 11:41:36.41",4,4,3,1
70,"2017/11/01 11:41:55.40",30,0,0,"2017/11/01 11:41:36.41",2,2,2,1
71,"2017/11/01 11:41:56.70",30,0,0,"2017/11/01 11:41:36.41",2,2,2,1
72,"2017/11/01 11:41:58.01",30,0,0,"2017/11/01 11:41:36.41",3,3,2,1
73,"2017/11/01 11:42:01.35",30,0,0,"2017/11/01 11:41:36.41",2,2,2,1
74,"2017/11/01 11:42:02.68",30,0,0,"2017/11/01 11:41:36.41",3,3,2,1
75,"2017/11/01 11:42:04.01",30,0,0,"2017/11/01 11:41:36.41",2,2,2,1
76,"2017/11/01 11:42:05.34",30,0,0,"2017/11/01 11:41:36.41",2,2,2,1
77,"2017/11/01 11:42:06.66",30,0,0,"2017/11/01 11:41:36.41",3,3,2,1
78,"2017/11/01 11:42:07.99",30,0,0,"2017/11/01 11:41:36.41",2,2,3,1
79,"2017/11/01 11:42:09.32",30,0,0,"2017/11/01 11:41:36.41",2,2,2,1
80,"2017/11/01 11:42:10.61",30,0,0,"2017/11/01 11:41:36.41",2,2,2,1
81,"2017/11/01 11:42:11.91",30,0,0,"2017/11/01 11:41:36.41",3,3,3,1
82,"2017/11/01 11:42:13.24",30,0,0,"2017/11/01 11:41:36.41",2,2,3,1
83,"2017/11/01 11:42:14.59",30,0,0,"2017/11/01 11:41:36.41",2,2,2,1
84,"2017/11/01 11:42:15.89",30,0,0,"2017/11/01 11:41:36.41",2,2,3,1
85,"2017/11/01 11:42:17.21",30,0,0,"2017/11/01 11:41:36.41",2,2,3,1
86,"2017/11/01 11:42:18.53",30,0,0,"2017/11/01 11:41:36.41",2,2,3,1
87,"2017/11/01 11:42:19.83",30,0,0,"2017/11/01 11:41:36.41",2,2,3,1
88,"2017/11/01 11:42:21.26",30,0,0,"2017/11/01 11:41:36.41",2,2,3,1
89,"2017/11/01 11:42:22.57",30,0,0,"2017/11/01 11:41:36.41",2,2,2,1
90,"2017/11/01 11:42:23.88",30,0,0,"2017/11/01 11:41:36.41",2,2,2,1
91,"2017/11/01 11:42:25.18",30,0,0,"2017/11/01 11:41:36.41",2,2,2,1
92,"2017/11/01 11:42:26.50",30,0,0,"2017/11/01 11:41:36.41",2,2,2,1
93,"2017/11/01 11:42:27.83",30,0,0,"2017/11/01 11:41:36.41",2,2,3,1
94,"2017/11/01 11:42:29.13",30,0,0,"2017/11/01 11:41:36.41",2,2,3,1
95,"2017/11/01 11:42:30.45",30,0,0,"2017/11/01 11:41:36.41",3,3,3,1
96,"2017/11/01 11:42:31.78",30,0,0,"2017/11/01 11:41:36.41",2,2,3,1
97,"2017/11/01 11:42:33.08",30,0,0,"2017/11/01 11:41:36.41",2,2,3,1
98,"2017/11/01 11:42:34.39",30,0,0,"2017/11/01 11:41:36.41",2,2,3,1
99,"2017/11/01 11:42:35.69",30,0,0,"2017/11/01 11:41:36.41",3,3,2,1
100,"2017/11/01 11:42:37.02",30,0,1,"2017/11/01 11:41:36.41",2,2,3,1
101,"2017/11/01 11:42:38.34",30,0,0,"2017/11/01 11:42:37.02",0,0,0,1
102,"2017/11/01 11:42:39.63",30,0,0,"2017/11/01 11:42:37.02",1,1,1,1
103,"2017/11/01 11:42:40.93",30,0,0,"2017/11/01 11:42:37.02",1,1,0,1
104,"2017/11/01 11:42:42.67",30,0,0,"2017/11/01 11:42:37.02",1,1,0,1
105,"2017/11/01 11:42:43.97",30,0,0,"2017/11/01 11:42:37.02",2,2,1,1
106,"2017/11/01 11:42:45.29",30,0,0,"2017/11/01 11:42:37.02",2,2,1,1
107,"2017/11/01 11:42:46.59",30,0,0,"2017/11/01 11:42:37.02",2,2,1,1
108,"2017/11/01 11:42:47.91",30,0,0,"2017/11/01 11:42:37.02",3,3,1,1
109,"2017/11/01 11:42:49.24",30,0,0,"2017/11/01 11:42:37.02",4,4,1,1
110,"2017/11/01 11:42:50.56",30,0,0,"2017/11/01 11:42:37.02",4,4,2,1
111,"2017/11/01 11:42:51.88",30,0,0,"2017/11/01 11:42:37.02",3,3,2,1
112,"2017/11/01 11:42:53.18",30,0,0,"2017/11/01 11:42:37.02",3,3,2,1
113,"2017/11/01 11:42:54.51",30,0,0,"2017/11/01 11:42:37.02",3,3,2,1
114,"2017/11/01 11:42:55.81",30,0,0,"2017/11/01 11:42:37.02",3,3,2,1
115,"2017/11/01 11:42:57.13",30,0,0,"2017/11/01 11:42:37.02",4,4,2,1
116,"2017/11/01 11:42:58.46",30,0,0,"2017/11/01 11:42:37.02",4,4,3,1
117,"2017/11/01 11:42:59.78",30,0,0,"2017/11/01 11:42:37.02",4,4,3,1
118,"2017/11/01 11:43:01.11",30,0,0,"2017/11/01 11:42:37.02",4,4,3,1
119,"2017/11/01 11:43:02.41",30,0,0,"2017/11/01 11:42:37.02",4,4,3,1
120,"2017/11/01 11:43:03.73",30,0,0,"2017/11/01 11:42:37.02",4,4,3,1
121,"2017/11/01 11:43:05.06",30,0,0,"2017/11/01 11:42:37.02",4,4,3,1
122,"2017/11/01 11:43:06.38",30,0,0,"2017/11/01 11:42:37.02",4,4,3,1
123,"2017/11/01 11:43:07.68",30,0,0,"2017/11/01 11:42:37.02",5,5,2,1
124,"2017/11/01 11:43:09.01",30,0,0,"2017/11/01 11:42:37.02",5,5,2,1
125,"2017/11/01 11:43:10.31",30,0,0,"2017/11/01 11:42:37.02",5,5,2,1
126,"2017/11/01 11:43:11.66",30,0,0,"2017/11/01 11:42:37.02",5,5,2,1
127,"2017/11/01 11:43:12.97",30,0,0,"2017/11/01 11:42:37.02",4,4,2,1
128,"2017/11/01 11:43:14.28",30,0,0,"2017/11/01 11:42:37.02",4,4,2,1
129,"2017/11/01 11:43:15.59",30,0,0,"2017/11/01 11:42:37.02",5,5,2,1
130,"2017/11/01 11:43:16.90",30,0,0,"2017/11/01 11:42:37.02",5,5,2,1
131,"2017/11/01 11:43:18.24",30,0,0,"2017/11/01 11:42:37.02",3,3,2,1
132,"2017/11/01 11:43:19.56",30,0,0,"2017/11/01 11:42:37.02",4,4,2,1
133,"2017/11/01 11:43:20.88",30,0,0,"2017/11/01 11:42:37.02",4,4,2,1
134,"2017/11/01 11:43:22.21",30,0,0,"2017/11/01 11:42:37.02",4,4,2,1
135,"2017/11/01 11:43:23.52",30,0,0,"2017/11/01 11:42:37.02",3,3,2,1
136,"2017/11/01 11:43:24.84",30,0,0,"2017/11/01 11:42:37.02",4,4,2,1
137,"2017/11/01 11:43:26.16",30,0,0,"2017/11/01 11:42:37.02",3,3,2,1
138,"2017/11/01 11:43:27.49",30,0,0,"2017/11/01 11:42:37.02",3,3,1,1
139,"2017/11/01 11:43:28.81",30,0,0,"2017/11/01 11:42:37.02",2,2,1,1
140,"2017/11/01 11:43:30.12",30,0,0,"2017/11/01 11:42:37.02",2,2,1,1
141,"2017/11/01 11:43:31.43",30,0,0,"2017/11/01 11:42:37.02",2,2,1,1
142,"2017/11/01 11:43:32.76",30,0,0,"2017/11/01 11:42:37.02",1,1,1,1
143,"2017/11/01 11:43:34.09",30,0,0,"2017/11/01 11:42:37.02",1,1,1,1
144,"2017/11/01 11:43:35.39",30,0,0,"2017/11/01 11:42:37.02",1,1,1,1
145,"2017/11/01 11:43:36.71",30,0,0,"2017/11/01 11:42:37.02",1,1,1,1
146,"2017/11/01 11:43:38.03",30,0,1,"2017/11/01 11:42:37.02",0,0,0,1
147,"2017/11/01 11:43:39.33",30,0,0,"2017/11/01 11:43:38.03",0,0,0,1
148,"2017/11/01 11:43:40.66",30,0,0,"2017/11/01 11:43:38.03",0,0,1,1
149,"2017/11/01 11:43:41.98",30,0,0,"2017/11/01 11:43:38.03",1,1,1,1
150,"2017/11/01 11:43:43.28",30,0,0,"2017/11/01 11:43:38.03",0,0,0,1
151,"2017/11/01 11:43:44.60",30,0,0,"2017/11/01 11:43:38.03",1,1,0,1
152,"2017/11/01 11:43:45.91",30,0,0,"2017/11/01 11:43:38.03",0,0,0,1
153,"2017/11/01 11:43:47.22",30,0,0,"2017/11/01 11:43:38.03",0,0,1,1
154,"2017/11/01 11:43:48.52",30,0,0,"2017/11/01 11:43:38.03",0,0,1,1
155,"2017/11/01 11:43:49.84",30,0,0,"2017/11/01 11:43:38.03",0,0,0,1
156,"2017/11/01 11:43:51.15",30,0,0,"2017/11/01 11:43:38.03",0,0,0,1
157,"2017/11/01 11:43:52.46",30,0,0,"2017/11/01 11:43:38.03",1,1,0,1
158,"2017/11/01 11:43:53.77",30,0,0,"2017/11/01 11:43:38.03",2,2,1,1
159,"2017/11/01 11:43:55.08",30,0,0,"2017/11/01 11:43:38.03",1,1,1,1
160,"2017/11/01 11:43:56.41",30,0,0,"2017/11/01 11:43:38.03",0,0,1,1
161,"2017/11/01 11:43:57.74",30,0,0,"2017/11/01 11:43:38.03",0,0,0,1
162,"2017/11/01 11:43:59.07",30,0,0,"2017/11/01 11:43:38.03",0,0,0,1
163,"2017/11/01 11:44:00.39",30,0,0,"2017/11/01 11:43:38.03",0,0,0,1
164,"2017/11/01 11:44:01.72",30,0,0,"2017/11/01 11:43:38.03",1,1,1,1
165,"2017/11/01 11:44:03.02",30,0,0,"2017/11/01 11:43:38.03",1,1,1,1
166,"2017/11/01 11:44:04.34",30,0,0,"2017/11/01 11:43:38.03",2,2,1,1
167,"2017/11/01 11:44:05.67",30,0,0,"2017/11/01 11:43:38.03",2,2,1,1
168,"2017/11/01 11:44:06.99",30,0,0,"2017/11/01 11:43:38.03",3,3,1,1
169,"2017/11/01 11:44:08.29",30,0,0,"2017/11/01 11:43:38.03",3,3,2,1
170,"2017/11/01 11:44:09.62",30,0,0,"2017/11/01 11:43:38.03",1,1,0,1
171,"2017/11/01 11:44:10.91",30,0,0,"2017/11/01 11:43:38.03",3,3,1,1
172,"2017/11/01 11:44:12.23",30,0,0,"2017/11/01 11:43:38.03",5,5,2,1
173,"2017/11/01 11:44:13.53",30,0,0,"2017/11/01 11:43:38.03",1,1,1,1
174,"2017/11/01 11:44:14.86",30,0,0,"2017/11/01 11:43:38.03",1,1,0,1
175,"2017/11/01 11:44:16.16",30,0,0,"2017/11/01 11:43:38.03",2,2,1,1
176,"2017/11/01 11:44:17.48",30,0,0,"2017/11/01 11:43:38.03",2,2,1,1
177,"2017/11/01 11:44:18.80",30,0,0,"2017/11/01 11:43:38.03",2,2,1,1
178,"2017/11/01 11:44:20.13",30,0,0,"2017/11/01 11:43:38.03",0,0,0,1
179,"2017/11/01 11:44:21.46",30,0,0,"2017/11/01 11:43:38.03",2,2,1,1
180,"2017/11/01 11:44:23.75",30,0,0,"2017/11/01 11:43:38.03",3,3,1,1
181,"2017/11/01 11:44:25.10",30,0,0,"2017/11/01 11:43:38.03",2,2,2,1
182,"2017/11/01 11:44:26.40",30,0,0,"2017/11/01 11:43:38.03",4,4,2,1
183,"2017/11/01 11:44:28.65",30,0,0,"2017/11/01 11:43:38.03",4,4,3,1
184,"2017/11/01 11:44:30.00",30,0,0,"2017/11/01 11:43:38.03",4,4,2,1
185,"2017/11/01 11:44:31.33",30,0,0,"2017/11/01 11:43:38.03",3,3,2,1
186,"2017/11/01 11:44:32.66",30,0,0,"2017/11/01 11:43:38.03",2,2,2,1
187,"2017/11/01 11:44:33.98",30,0,0,"2017/11/01 11:43:38.03",4,4,2,1
188,"2017/11/01 11:44:35.29",30,0,0,"2017/11/01 11:43:38.03",4,4,3,1
189,"2017/11/01 11:44:36.60",30,0,0,"2017/11/01 11:43:38.03",4,4,3,1
190,"2017/11/01 11:44:37.93",30,0,0,"2017/11/01 11:43:38.03",5,5,3,1
191,"2017/11/01 11:44:39.26",30,0,1,"2017/11/01 11:43:38.03",4,4,2,1
192,"2017/11/01 11:44:40.58",30,0,0,"2017/11/01 11:44:39.26",1,1,1,1
193,"2017/11/01 11:44:41.90",30,0,0,"2017/11/01 11:44:39.26",1,1,1,1
194,"2017/11/01 11:44:43.20",30,0,0,"2017/11/01 11:44:39.26",1,1,1,1
195,"2017/11/01 11:44:44.52",30,0,0,"2017/11/01 11:44:39.26",1,1,1,1
196,"2017/11/01 11:44:45.82",30,0,0,"2017/11/01 11:44:39.26",1,1,1,1
197,"2017/11/01 11:44:47.14",30,0,0,"2017/11/01 11:44:39.26",1,1,1,1
198,"2017/11/01 11:44:48.44",30,0,0,"2017/11/01 11:44:39.26",2,2,2,1
199,"2017/11/01 11:44:49.77",30,0,0,"2017/11/01 11:44:39.26",2,2,1,1
200,"2017/11/01 11:44:51.09",30,0,0,"2017/11/01 11:44:39.26",2,2,1,1
201,"2017/11/01 11:44:52.39",30,0,0,"2017/11/01 11:44:39.26",2,2,2,1
202,"2017/11/01 11:44:53.72",30,0,0,"2017/11/01 11:44:39.26",2,2,2,1
203,"2017/11/01 11:44:55.04",30,0,0,"2017/11/01 11:44:39.26",2,2,2,1
204,"2017/11/01 11:44:56.34",30,0,0,"2017/11/01 11:44:39.26",2,2,2,1
205,"2017/11/01 11:44:57.66",30,0,0,"2017/11/01 11:44:39.26",2,2,2,1
206,"2017/11/01 11:45:00.14",30,0,0,"2017/11/01 11:44:39.26",2,2,2,1
207,"2017/11/01 11:45:01.45",30,0,0,"2017/11/01 11:44:39.26",3,3,2,1
208,"2017/11/01 11:45:02.77",30,0,0,"2017/11/01 11:44:39.26",2,2,2,1
209,"2017/11/01 11:45:04.08",30,0,0,"2017/11/01 11:44:39.26",0,0,0,1
210,"2017/11/01 11:45:05.42",30,0,0,"2017/11/01 11:44:39.26",1,1,1,1
211,"2017/11/01 11:45:06.73",30,0,0,"2017/11/01 11:44:39.26",2,2,1,1
212,"2017/11/01 11:45:08.05",30,0,0,"2017/11/01 11:44:39.26",2,2,2,1
213,"2017/11/01 11:45:09.37",30,0,0,"2017/11/01 11:44:39.26",2,2,2,1
214,"2017/11/01 11:45:10.69",30,0,0,"2017/11/01 11:44:39.26",3,3,2,1
215,"2017/11/01 11:45:12.00",30,0,0,"2017/11/01 11:44:39.26",3,3,2,1
216,"2017/11/01 11:45:13.35",30,0,0,"2017/11/01 11:44:39.26",2,2,2,1
217,"2017/11/01 11:45:14.66",30,0,0,"2017/11/01 11:44:39.26",2,2,2,1
218,"2017/11/01 11:45:15.97",30,0,0,"2017/11/01 11:44:39.26",2,2,3,1
219,"2017/11/01 11:45:17.28",30,0,0,"2017/11/01 11:44:39.26",2,2,2,1
220,"2017/11/01 11:45:18.60",30,0,0,"2017/11/01 11:44:39.26",2,2,2,1
221,"2017/11/01 11:45:19.92",30,0,0,"2017/11/01 11:44:39.26",2,2,2,1
222,"2017/11/01 11:45:21.24",30,0,0,"2017/11/01 11:44:39.26",2,2,2,1
223,"2017/11/01 11:45:22.55",30,0,0,"2017/11/01 11:44:39.26",2,2,2,1
224,"2017/11/01 11:45:23.87",30,0,0,"2017/11/01 11:44:39.26",2,2,2,1
225,"2017/11/01 11:45:25.20",30,0,0,"2017/11/01 11:44:39.26",2,2,2,1
226,"2017/11/01 11:45:26.53",30,0,0,"2017/11/01 11:44:39.26",1,1,2,1
227,"2017/11/01 11:45:27.85",30,0,0,"2017/11/01 11:44:39.26",2,2,1,1
228,"2017/11/01 11:45:29.19",30,0,0,"2017/11/01 11:44:39.26",1,1,2,1
229,"2017/11/01 11:45:30.51",30,0,0,"2017/11/01 11:44:39.26",2,2,1,1
230,"2017/11/01 11:45:34.05",30,0,0,"2017/11/01 11:44:39.26",1,1,1,1
231,"2017/11/01 11:45:35.37",30,0,0,"2017/11/01 11:44:39.26",1,1,2,1
232,"2017/11/01 11:45:36.71",30,0,0,"2017/11/01 11:44:39.26",1,1,1,1
233,"2017/11/01 11:45:38.03",30,0,0,"2017/11/01 11:44:39.26",2,2,1,1
234,"2017/11/01 11:45:39.36",30,0,1,"2017/11/01 11:44:39.26",2,2,1,1
235,"2017/11/01 11:45:40.68",30,0,0,"2017/11/01 11:45:39.36",1,1,1,1
236,"2017/11/01 11:45:42.01",30,0,0,"2017/11/01 11:45:39.36",0,0,0,1
237,"2017/11/01 11:45:43.33",30,0,0,"2017/11/01 11:45:39.36",0,0,0,1
238,"2017/11/01 11:45:44.67",30,0,0,"2017/11/01 11:45:39.36",0,0,0,1
239,"2017/11/01 11:45:46.03",30,0,0,"2017/11/01 11:45:39.36",0,0,0,1
240,"2017/11/01 11:45:47.38",30,0,0,"2017/11/01 11:45:39.36",1,1,0,1
241,"2017/11/01 11:45:48.72",30,0,0,"2017/11/01 11:45:39.36",1,1,1,1
242,"2017/11/01 11:45:50.07",30,0,0,"2017/11/01 11:45:39.36",0,0,0,1
243,"2017/11/01 11:45:51.39",30,0,0,"2017/11/01 11:45:39.36",1,1,1,1
244,"2017/11/01 11:45:52.73",30,0,0,"2017/11/01 11:45:39.36",1,1,1,1
245,"2017/11/01 11:45:54.07",30,0,0,"2017/11/01 11:45:39.36",0,0,1,1
246,"2017/11/01 11:45:55.41",30,0,0,"2017/11/01 11:45:39.36",0,0,1,1
247,"2017/11/01 11:45:56.75",30,0,0,"2017/11/01 11:45:39.36",0,0,1,1
248,"2017/11/01 11:45:58.10",30,0,0,"2017/11/01 11:45:39.36",1,1,0,1
249,"2017/11/01 11:45:59.44",30,0,0,"2017/11/01 11:45:39.36",0,0,1,1
250,"2017/11/01 11:46:00.80",30,0,0,"2017/11/01 11:45:39.36",0,0,1,1
251,"2017/11/01 11:46:02.13",30,0,0,"2017/11/01 11:45:39.36",0,0,1,1
252,"2017/11/01 11:46:03.55",30,0,0,"2017/11/01 11:45:39.36",0,0,0,1
253,"2017/11/01 11:46:04.87",30,0,0,"2017/11/01 11:45:39.36",1,1,0,1
254,"2017/11/01 11:46:06.20",30,0,0,"2017/11/01 11:45:39.36",1,1,0,1
255,"2017/11/01 11:46:07.50",30,0,0,"2017/11/01 11:45:39.36",1,1,0,1
256,"2017/11/01 11:46:08.83",30,0,0,"2017/11/01 11:45:39.36",0,0,0,1
257,"2017/11/01 11:46:10.15",30,0,0,"2017/11/01 11:45:39.36",1,1,1,1
258,"2017/11/01 11:46:11.51",30,0,0,"2017/11/01 11:45:39.36",0,0,1,1
259,"2017/11/01 11:46:12.81",30,0,0,"2017/11/01 11:45:39.36",1,1,0,1
260,"2017/11/01 11:46:14.13",30,0,0,"2017/11/01 11:45:39.36",0,0,0,1
261,"2017/11/01 11:46:15.43",30,0,0,"2017/11/01 11:45:39.36",0,0,1,1
262,"2017/11/01 11:46:16.76",30,0,0,"2017/11/01 11:45:39.36",0,0,0,1
263,"2017/11/01 11:46:18.08",30,0,0,"2017/11/01 11:45:39.36",1,1,1,1
264,"2017/11/01 11:46:19.49",30,0,0,"2017/11/01 11:45:39.36",0,0,1,1
265,"2017/11/01 11:46:20.81",30,0,0,"2017/11/01 11:45:39.36",1,1,1,1
266,"2017/11/01 11:46:22.16",30,0,0,"2017/11/01 11:45:39.36",1,1,1,1
267,"2017/11/01 11:46:23.46",30,0,0,"2017/11/01 11:45:39.36",0,0,1,1
268,"2017/11/01 11:46:24.79",30,0,0,"2017/11/01 11:45:39.36",0,0,0,1
269,"2017/11/01 11:46:26.12",30,0,0,"2017/11/01 11:45:39.36",1,1,0,1
270,"2017/11/01 11:46:27.44",30,0,0,"2017/11/01 11:45:39.36",1,1,1,1
271,"2017/11/01 11:46:28.77",30,0,0,"2017/11/01 11:45:39.36",2,2,1,1
272,"2017/11/01 11:46:30.10",30,0,0,"2017/11/01 11:45:39.36",1,1,1,1
273,"2017/11/01 11:46:31.40",30,0,0,"2017/11/01 11:45:39.36",2,2,1,1
274,"2017/11/01 11:46:32.75",30,0,0,"2017/11/01 11:45:39.36",2,2,1,1
275,"2017/11/01 11:46:34.04",30,0,0,"2017/11/01 11:45:39.36",2,2,1,1
276,"2017/11/01 11:46:35.34",30,0,0,"2017/11/01 11:45:39.36",1,1,1,1
277,"2017/11/01 11:46:36.66",30,0,0,"2017/11/01 11:45:39.36",1,1,1,1
278,"2017/11/01 11:46:37.98",30,0,0,"2017/11/01 11:45:39.36",2,2,1,1
279,"2017/11/01 11:46:39.28",30,0,0,"2017/11/01 11:45:39.36",1,1,1,1
280,"2017/11/01 11:46:40.61",30,0,1,"2017/11/01 11:45:39.36",1,1,0,1
281,"2017/11/01 11:46:41.91",30,0,0,"2017/11/01 11:46:40.61",5,5,3,1
282,"2017/11/01 11:46:43.23",30,0,0,"2017/11/01 11:46:40.61",6,6,4,1
283,"2017/11/01 11:46:44.53",30,0,0,"2017/11/01 11:46:40.61",0,0,0,1
284,"2017/11/01 11:46:45.85",30,0,0,"2017/11/01 11:46:40.61",1,1,1,1
285,"2017/11/01 11:46:47.18",30,0,0,"2017/11/01 11:46:40.61",1,1,1,1
286,"2017/11/01 11:46:48.51",30,0,0,"2017/11/01 11:46:40.61",1,1,1,1
287,"2017/11/01 11:46:49.83",30,0,0,"2017/11/01 11:46:40.61",1,1,1,1
288,"2017/11/01 11:46:51.16",30,0,0,"2017/11/01 11:46:40.61",1,1,0,1
289,"2017/11/01 11:46:52.49",30,0,0,"2017/11/01 11:46:40.61",0,0,0,1
290,"2017/11/01 11:46:53.82",30,0,0,"2017/11/01 11:46:40.61",0,0,0,1
291,"2017/11/01 11:46:55.10",30,0,0,"2017/11/01 11:46:40.61",3,3,2,1
292,"2017/11/01 11:46:56.40",30,0,0,"2017/11/01 11:46:40.61",5,5,3,1
293,"2017/11/01 11:46:57.73",30,0,0,"2017/11/01 11:46:40.61",5,5,3,1
294,"2017/11/01 11:46:59.03",30,0,0,"2017/11/01 11:46:40.61",3,3,2,1
295,"2017/11/01 11:47:00.34",30,0,0,"2017/11/01 11:46:40.61",3,3,2,1
296,"2017/11/01 11:47:01.64",30,0,0,"2017/11/01 11:46:40.61",1,1,1,1
297,"2017/11/01 11:47:02.98",30,0,0,"2017/11/01 11:46:40.61",0,0,0,1
298,"2017/11/01 11:47:04.30",30,0,0,"2017/11/01 11:46:40.61",1,1,1,1
299,"2017/11/01 11:47:05.62",30,0,0,"2017/11/01 11:46:40.61",2,2,1,1
300,"2017/11/01 11:47:07.03",30,0,0,"2017/11/01 11:46:40.61",1,1,1,1
301,"2017/11/01 11:47:08.35",30,0,0,"2017/11/01 11:46:40.61",1,1,1,1
302,"2017/11/01 11:47:09.68",30,0,0,"2017/11/01 11:46:40.61",1,1,1,1
303,"2017/11/01 11:47:11.03",30,0,0,"2017/11/01 11:46:40.61",1,1,1,1
304,"2017/11/01 11:47:12.36",30,0,0,"2017/11/01 11:46:40.61",1,1,1,1
305,"2017/11/01 11:47:13.69",30,0,0,"2017/11/01 11:46:40.61",1,1,0,1
306,"2017/11/01 11:47:15.01",30,0,0,"2017/11/01 11:46:40.61",1,1,1,1
307,"2017/11/01 11:47:16.31",30,0,0,"2017/11/01 11:46:40.61",1,1,1,1
308,"2017/11/01 11:47:17.63",30,0,0,"2017/11/01 11:46:40.61",0,0,0,1
309,"2017/11/01 11:47:18.93",30,0,0,"2017/11/01 11:46:40.61",1,1,1,1
310,"2017/11/01 11:47:20.26",30,0,0,"2017/11/01 11:46:40.61",1,1,1,1
311,"2017/11/01 11:47:21.58",30,0,0,"2017/11/01 11:46:40.61",0,0,1,1
312,"2017/11/01 11:47:23.33",30,0,0,"2017/11/01 11:46:40.61",0,0,0,1
313,"2017/11/01 11:47:24.65",30,0,0,"2017/11/01 11:46:40.61",0,0,0,1
314,"2017/11/01 11:47:25.98",30,0,0,"2017/11/01 11:46:40.61",0,0,0,1
315,"2017/11/01 11:47:27.29",30,0,0,"2017/11/01 11:46:40.61",1,1,0,1
316,"2017/11/01 11:47:28.59",30,0,0,"2017/11/01 11:46:40.61",0,0,0,1
317,"2017/11/01 11:47:29.93",30,0,0,"2017/11/01 11:46:40.61",0,0,0,1
318,"2017/11/01 11:47:31.28",30,0,0,"2017/11/01 11:46:40.61",0,0,1,1
319,"2017/11/01 11:47:32.64",30,0,0,"2017/11/01 11:46:40.61",0,0,1,1
320,"2017/11/01 11:47:33.94",30,0,0,"2017/11/01 11:46:40.61",0,0,1,1
321,"2017/11/01 11:47:35.27",30,0,0,"2017/11/01 11:46:40.61",1,1,1,1
322,"2017/11/01 11:47:36.57",30,0,0,"2017/11/01 11:46:40.61",1,1,1,1
323,"2017/11/01 11:47:37.88",30,0,0,"2017/11/01 11:46:40.61",1,1,1,1
324,"2017/11/01 11:47:39.18",30,0,0,"2017/11/01 11:46:40.61",1,1,1,1
325,"2017/11/01 11:47:40.51",30,0,0,"2017/11/01 11:46:40.61",2,2,1,1
326,"2017/11/01 11:47:41.81",30,0,1,"2017/11/01 11:46:40.61",1,1,1,1
327,"2017/11/01 11:47:43.13",30,0,0,"2017/11/01 11:47:41.81",0,0,0,1
328,"2017/11/01 11:47:44.43",30,0,0,"2017/11/01 11:47:41.81",0,0,0,1
329,"2017/11/01 11:47:45.75",30,0,0,"2017/11/01 11:47:41.81",0,0,0,1
330,"2017/11/01 11:47:47.07",30,0,0,"2017/11/01 11:47:41.81",0,0,0,1
331,"2017/11/01 11:47:48.37",30,0,0,"2017/11/01 11:47:41.81",0,0,1,1
332,"2017/11/01 11:47:49.67",30,0,0,"2017/11/01 11:47:41.81",0,0,0,1
333,"2017/11/01 11:47:50.98",30,0,0,"2017/11/01 11:47:41.81",0,0,0,1
334,"2017/11/01 11:47:52.28",30,0,0,"2017/11/01 11:47:41.81",0,0,0,1
335,"2017/11/01 11:47:53.58",30,0,0,"2017/11/01 11:47:41.81",1,1,1,1
336,"2017/11/01 11:47:54.93",30,0,0,"2017/11/01 11:47:41.81",1,1,1,1
337,"2017/11/01 11:47:56.26",30,0,0,"2017/11/01 11:47:41.81",1,1,1,1
338,"2017/11/01 11:47:57.58",30,0,0,"2017/11/01 11:47:41.81",1,1,1,1
339,"2017/11/01 11:47:58.88",30,0,0,"2017/11/01 11:47:41.81",2,2,0,1
340,"2017/11/01 11:48:00.24",30,0,0,"2017/11/01 11:47:41.81",1,1,1,1
341,"2017/11/01 11:48:01.54",30,0,0,"2017/11/01 11:47:41.81",2,2,1,1
342,"2017/11/01 11:48:02.84",30,0,0,"2017/11/01 11:47:41.81",2,2,1,1
343,"2017/11/01 11:48:04.19",30,0,0,"2017/11/01 11:47:41.81",2,2,2,1
344,"2017/11/01 11:48:05.66",30,0,0,"2017/11/01 11:47:41.81",2,2,2,1
345,"2017/11/01 11:48:07.02",30,0,0,"2017/11/01 11:47:41.81",2,2,2,1
346,"2017/11/01 11:48:08.32",30,0,0,"2017/11/01 11:47:41.81",2,2,2,1
347,"2017/11/01 11:48:09.63",30,0,0,"2017/11/01 11:47:41.81",2,2,2,1
348,"2017/11/01 11:48:10.93",30,0,0,"2017/11/01 11:47:41.81",2,2,2,1
349,"2017/11/01 11:48:12.25",30,0,0,"2017/11/01 11:47:41.81",3,3,2,1
350,"2017/11/01 11:48:13.55",30,0,0,"2017/11/01 11:47:41.81",3,3,2,1
351,"2017/11/01 11:48:14.88",30,0,0,"2017/11/01 11:47:41.81",3,3,3,1
352,"2017/11/01 11:48:16.21",30,0,0,"2017/11/01 11:47:41.81",3,3,2,1
353,"2017/11/01 11:48:17.53",30,0,0,"2017/11/01 11:47:41.81",3,3,2,1
354,"2017/11/01 11:48:18.86",30,0,0,"2017/11/01 11:47:41.81",3,3,3,1
355,"2017/11/01 11:48:20.16",30,0,0,"2017/11/01 11:47:41.81",3,3,3,1
356,"2017/11/01 11:48:21.48",30,0,0,"2017/11/01 11:47:41.81",3,3,2,1
357,"2017/11/01 11:48:22.80",30,0,0,"2017/11/01 11:47:41.81",3,3,3,1
358,"2017/11/01 11:48:24.10",30,0,0,"2017/11/01 11:47:41.81",3,3,2,1
359,"2017/11/01 11:48:25.43",30,0,0,"2017/11/01 11:47:41.81",3,3,3,1
360,"2017/11/01 11:48:26.75",30,0,0,"2017/11/01 11:47:41.81",3,3,2,1
361,"2017/11/01 11:48:28.05",30,0,0,"2017/11/01 11:47:41.81",3,3,2,1
362,"2017/11/01 11:48:29.41",30,0,0,"2017/11/01 11:47:41.81",3,3,3,1
363,"2017/11/01 11:48:30.74",30,0,0,"2017/11/01 11:47:41.81",3,3,3,1
364,"2017/11/01 11:48:32.04",30,0,0,"2017/11/01 11:47:41.81",3,3,3,1
365,"2017/11/01 11:48:34.45",30,0,0,"2017/11/01 11:47:41.81",2,2,2,1
366,"2017/11/01 11:48:35.75",30,0,0,"2017/11/01 11:47:41.81",2,2,2,1
367,"2017/11/01 11:48:37.07",30,0,0,"2017/11/01 11:47:41.81",3,3,2,1
368,"2017/11/01 11:48:38.39",30,0,0,"2017/11/01 11:47:41.81",3,3,2,1
369,"2017/11/01 11:48:39.70",30,0,0,"2017/11/01 11:47:41.81",3,3,2,1
370,"2017/11/01 11:48:41.01",30,0,0,"2017/11/01 11:47:41.81",2,2,2,1
371,"2017/11/01 11:48:42.34",30,0,1,"2017/11/01 11:47:41.81",3,3,2,1
372,"2017/11/01 11:48:43.67",30,0,0,"2017/11/01 11:48:42.34",0,0,0,1
373,"2017/11/01 11:48:45.00",30,0,0,"2017/11/01 11:48:42.34",0,0,0,1
374,"2017/11/01 11:48:46.32",30,0,0,"2017/11/01 11:48:42.34",0,0,0,1
375,"2017/11/01 11:48:47.62",30,0,0,"2017/11/01 11:48:42.34",0,0,0,1
376,"2017/11/01 11:48:48.92",30,0,0,"2017/11/01 11:48:42.34",1,1,0,1
377,"2017/11/01 11:48:50.24",30,0,0,"2017/11/01 11:48:42.34",1,1,0,1
378,"2017/11/01 11:48:51.56",30,0,0,"2017/11/01 11:48:42.34",1,1,0,1
379,"2017/11/01 11:48:52.89",30,0,0,"2017/11/01 11:48:42.34",0,0,0,1
380,"2017/11/01 11:48:54.21",30,0,0,"2017/11/01 11:48:42.34",0,0,1,1
381,"2017/11/01 11:48:55.51",30,0,0,"2017/11/01 11:48:42.34",0,0,0,1
382,"2017/11/01 11:48:56.84",30,0,0,"2017/11/01 11:48:42.34",0,0,1,1
383,"2017/11/01 11:48:58.14",30,0,0,"2017/11/01 11:48:42.34",0,0,0,1
384,"2017/11/01 11:48:59.46",30,0,0,"2017/11/01 11:48:42.34",1,1,1,1
385,"2017/11/01 11:49:00.78",30,0,0,"2017/11/01 11:48:42.34",0,0,1,1
386,"2017/11/01 11:49:02.08",30,0,0,"2017/11/01 11:48:42.34",1,1,1,1
387,"2017/11/01 11:49:03.40",30,0,0,"2017/11/01 11:48:42.34",0,0,1,1
388,"2017/11/01 11:49:04.70",30,0,0,"2017/11/01 11:48:42.34",1,1,0,1
389,"2017/11/01 11:49:06.03",30,0,0,"2017/11/01 11:48:42.34",1,1,0,1
390,"2017/11/01 11:49:07.35",30,0,0,"2017/11/01 11:48:42.34",1,1,0,1
391,"2017/11/01 11:49:10.42",30,0,0,"2017/11/01 11:48:42.34",1,1,0,1
392,"2017/11/01 11:49:11.78",30,0,0,"2017/11/01 11:48:42.34",0,0,1,1
393,"2017/11/01 11:49:13.08",30,0,0,"2017/11/01 11:48:42.34",0,0,1,1
394,"2017/11/01 11:49:14.40",30,0,0,"2017/11/01 11:48:42.34",1,1,1,1
395,"2017/11/01 11:49:15.73",30,0,0,"2017/11/01 11:48:42.34",1,1,0,1
396,"2017/11/01 11:49:17.05",30,0,0,"2017/11/01 11:48:42.34",1,1,1,1
397,"2017/11/01 11:49:18.37",30,0,0,"2017/11/01 11:48:42.34",1,1,0,1
398,"2017/11/01 11:49:19.67",30,0,0,"2017/11/01 11:48:42.34",1,1,0,1
399,"2017/11/01 11:49:21.00",30,0,0,"2017/11/01 11:48:42.34",1,1,1,1
400,"2017/11/01 11:49:22.33",30,0,0,"2017/11/01 11:48:42.34",0,0,0,1
401,"2017/11/01 11:49:23.65",30,0,0,"2017/11/01 11:48:42.34",0,0,0,1
402,"2017/11/01 11:49:24.96",30,0,0,"2017/11/01 11:48:42.34",0,0,0,1
403,"2017/11/01 11:49:26.28",30,0,0,"2017/11/01 11:48:42.34",0,0,0,1
404,"2017/11/01 11:49:27.60",30,0,0,"2017/11/01 11:48:42.34",1,1,1,1
405,"2017/11/01 11:49:28.93",30,0,0,"2017/11/01 11:48:42.34",2,2,1,1
406,"2017/11/01 11:49:30.26",30,0,0,"2017/11/01 11:48:42.34",2,2,1,1
407,"2017/11/01 11:49:31.58",30,0,0,"2017/11/01 11:48:42.34",2,2,1,1
408,"2017/11/01 11:49:32.91",30,0,0,"2017/11/01 11:48:42.34",3,3,2,1
409,"2017/11/01 11:49:34.25",30,0,0,"2017/11/01 11:48:42.34",6,6,3,1
410,"2017/11/01 11:49:35.69",30,0,0,"2017/11/01 11:48:42.34",8,8,5,1
411,"2017/11/01 11:49:37.00",30,0,0,"2017/11/01 11:48:42.34",7,7,5,1
412,"2017/11/01 11:49:38.32",30,0,0,"2017/11/01 11:48:42.34",6,6,4,1
413,"2017/11/01 11:49:39.65",30,0,0,"2017/11/01 11:48:42.34",8,8,5,1
414,"2017/11/01 11:49:40.97",30,0,0,"2017/11/01 11:48:42.34",9,9,5,1
415,"2017/11/01 11:49:42.28",30,0,0,"2017/11/01 11:48:42.34",5,5,3,1
416,"2017/11/01 11:49:43.60",30,0,1,"2017/11/01 11:48:42.34",4,4,2,1
417,"2017/11/01 11:49:44.92",30,0,0,"2017/11/01 11:49:43.60",0,0,0,1
418,"2017/11/01 11:49:46.25",30,0,0,"2017/11/01 11:49:43.60",0,0,0,1
419,"2017/11/01 11:49:47.57",30,0,0,"2017/11/01 11:49:43.60",0,0,0,1
420,"2017/11/01 11:49:48.87",30,0,0,"2017/11/01 11:49:43.60",1,1,1,1
421,"2017/11/01 11:49:50.20",30,0,0,"2017/11/01 11:49:43.60",1,1,0,1
422,"2017/11/01 11:49:51.55",30,0,0,"2017/11/01 11:49:43.60",1,1,0,1
423,"2017/11/01 11:49:52.86",30,0,0,"2017/11/01 11:49:43.60",0,0,0,1
424,"2017/11/01 11:49:54.18",30,0,0,"2017/11/01 11:49:43.60",1,1,0,1
425,"2017/11/01 11:49:55.51",30,0,0,"2017/11/01 11:49:43.60",1,1,0,1
426,"2017/11/01 11:49:56.84",30,0,0,"2017/11/01 11:49:43.60",0,0,0,1
427,"2017/11/01 11:49:58.16",30,0,0,"2017/11/01 11:49:43.60",1,1,1,1
428,"2017/11/01 11:49:59.49",30,0,0,"2017/11/01 11:49:43.60",1,1,1,1
429,"2017/11/01 11:50:00.82",30,0,0,"2017/11/01 11:49:43.60",1,1,0,1
430,"2017/11/01 11:50:02.13",30,0,0,"2017/11/01 11:49:43.60",1,1,1,1
431,"2017/11/01 11:50:03.44",30,0,0,"2017/11/01 11:49:43.60",1,1,1,1
432,"2017/11/01 11:50:04.76",30,0,0,"2017/11/01 11:49:43.60",1,1,1,1
433,"2017/11/01 11:50:06.09",30,0,0,"2017/11/01 11:49:43.60",1,1,1,1
434,"2017/11/01 11:50:07.42",30,0,0,"2017/11/01 11:49:43.60",1,1,1,1
435,"2017/11/01 11:50:08.75",30,0,0,"2017/11/01 11:49:43.60",1,1,1,1
436,"2017/11/01 11:50:10.07",30,0,0,"2017/11/01 11:49:43.60",1,1,1,1
437,"2017/11/01 11:50:11.39",30,0,0,"2017/11/01 11:49:43.60",1,1,1,1
438,"2017/11/01 11:50:12.70",30,0,0,"2017/11/01 11:49:43.60",1,1,1,1
439,"2017/11/01 11:50:14.02",30,0,0,"2017/11/01 11:49:43.60",1,1,1,1
440,"2017/11/01 11:50:15.35",30,0,0,"2017/11/01 11:49:43.60",0,0,0,1
441,"2017/11/01 11:50:16.67",30,0,0,"2017/11/01 11:49:43.60",1,1,1,1
442,"2017/11/01 11:50:18.00",30,0,0,"2017/11/01 11:49:43.60",0,0,1,1
443,"2017/11/01 11:50:19.29",30,0,0,"2017/11/01 11:49:43.60",1,1,0,1
444,"2017/11/01 11:50:20.62",30,0,0,"2017/11/01 11:49:43.60",0,0,1,1
445,"2017/11/01 11:50:21.95",30,0,0,"2017/11/01 11:49:43.60",1,1,1,1
446,"2017/11/01 11:50:23.28",30,0,0,"2017/11/01 11:49:43.60",0,0,1,1
447,"2017/11/01 11:50:24.61",30,0,0,"2017/11/01 11:49:43.60",1,1,1,1
448,"2017/11/01 11:50:25.93",30,0,0,"2017/11/01 11:49:43.60",1,1,1,1
449,"2017/11/01 11:50:27.26",30,0,0,"2017/11/01 11:49:43.60",3,3,2,1
450,"2017/11/01 11:50:28.60",30,0,0,"2017/11/01 11:49:43.60",2,2,1,1
451,"2017/11/01 11:50:29.91",30,0,0,"2017/11/01 11:49:43.60",0,0,1,1
452,"2017/11/01 11:50:31.27",30,0,0,"2017/11/01 11:49:43.60",0,0,1,1
453,"2017/11/01 11:50:32.57",30,0,0,"2017/11/01 11:49:43.60",1,1,1,1
454,"2017/11/01 11:50:33.89",30,0,0,"2017/11/01 11:49:43.60",1,1,1,1
455,"2017/11/01 11:50:35.19",30,0,0,"2017/11/01 11:49:43.60",1,1,1,1
456,"2017/11/01 11:50:36.51",30,0,0,"2017/11/01 11:49:43.60",1,1,1,1
457,"2017/11/01 11:50:37.85",30,0,0,"2017/11/01 11:49:43.60",1,1,1,1
458,"2017/11/01 11:50:40.23",30,0,0,"2017/11/01 11:49:43.60",1,1,1,1
459,"2017/11/01 11:50:41.55",30,0,0,"2017/11/01 11:49:43.60",1,1,1,1
460,"2017/11/01 11:50:42.87",30,0,0,"2017/11/01 11:49:43.60",2,2,2,1
461,"2017/11/01 11:50:44.18",30,0,1,"2017/11/01 11:49:43.60",4,4,2,1
462,"2017/11/01 11:50:45.50",30,0,0,"2017/11/01 11:50:44.18",1,1,1,1
463,"2017/11/01 11:50:46.83",30,0,0,"2017/11/01 11:50:44.18",1,1,1,1
464,"2017/11/01 11:50:48.15",30,0,0,"2017/11/01 11:50:44.18",1,1,0,1
465,"2017/11/01 11:50:49.51",30,0,0,"2017/11/01 11:50:44.18",1,1,1,1
466,"2017/11/01 11:50:50.84",30,0,0,"2017/11/01 11:50:44.18",1,1,0,1
467,"2017/11/01 11:50:52.17",30,0,0,"2017/11/01 11:50:44.18",2,2,1,1
468,"2017/11/01 11:50:53.50",30,0,0,"2017/11/01 11:50:44.18",1,1,1,1
469,"2017/11/01 11:50:57.07",30,0,0,"2017/11/01 11:50:44.18",2,2,1,1
470,"2017/11/01 11:50:58.37",30,0,0,"2017/11/01 11:50:44.18",2,2,1,1
471,"2017/11/01 11:50:59.76",30,0,0,"2017/11/01 11:50:44.18",1,1,1,1
472,"2017/11/01 11:51:01.08",30,0,0,"2017/11/01 11:50:44.18",0,0,0,1
473,"2017/11/01 11:51:02.41",30,0,0,"2017/11/01 11:50:44.18",0,0,0,1
474,"2017/11/01 11:51:03.74",30,0,0,"2017/11/01 11:50:44.18",1,1,0,1
475,"2017/11/01 11:51:05.04",30,0,0,"2017/11/01 11:50:44.18",0,0,0,1
476,"2017/11/01 11:51:06.36",30,0,0,"2017/11/01 11:50:44.18",1,1,1,1
477,"2017/11/01 11:51:07.69",30,0,0,"2017/11/01 11:50:44.18",1,1,1,1
478,"2017/11/01 11:51:09.02",30,0,0,"2017/11/01 11:50:44.18",1,1,1,1
479,"2017/11/01 11:51:10.35",30,0,0,"2017/11/01 11:50:44.18",0,0,0,1
480,"2017/11/01 11:51:11.67",30,0,0,"2017/11/01 11:50:44.18",1,1,0,1
481,"2017/11/01 11:51:12.99",30,0,0,"2017/11/01 11:50:44.18",1,1,1,1
482,"2017/11/01 11:51:14.30",30,0,0,"2017/11/01 11:50:44.18",1,1,1,1
483,"2017/11/01 11:51:15.61",30,0,0,"2017/11/01 11:50:44.18",1,1,1,1
484,"2017/11/01 11:51:16.91",30,0,0,"2017/11/01 11:50:44.18",1,1,0,1
485,"2017/11/01 11:51:18.24",30,0,0,"2017/11/01 11:50:44.18",1,1,1,1
486,"2017/11/01 11:51:19.56",30,0,0,"2017/11/01 11:50:44.18",2,2,1,1
487,"2017/11/01 11:51:21.02",30,0,0,"2017/11/01 11:50:44.18",2,2,1,1
488,"2017/11/01 11:51:22.33",30,0,0,"2017/11/01 11:50:44.18",2,2,1,1
489,"2017/11/01 11:51:23.65",30,0,0,"2017/11/01 11:50:44.18",2,2,1,1
490,"2017/11/01 11:51:24.98",30,0,0,"2017/11/01 11:50:44.18",2,2,1,1
491,"2017/11/01 11:51:26.29",30,0,0,"2017/11/01 11:50:44.18",1,1,1,1
492,"2017/11/01 11:51:27.60",30,0,0,"2017/11/01 11:50:44.18",2,2,1,1
493,"2017/11/01 11:51:28.92",30,0,0,"2017/11/01 11:50:44.18",1,1,1,1
494,"2017/11/01 11:51:30.25",30,0,0,"2017/11/01 11:50:44.18",1,1,1,1
495,"2017/11/01 11:51:31.58",30,0,0,"2017/11/01 11:50:44.18",3,3,2,1
496,"2017/11/01 11:51:32.90",30,0,0,"2017/11/01 11:50:44.18",1,1,0,1
497,"2017/11/01 11:51:34.20",30,0,0,"2017/11/01 11:50:44.18",1,1,1,1
498,"2017/11/01 11:51:35.53",30,0,0,"2017/11/01 11:50:44.18",0,0,0,1
499,"2017/11/01 11:51:36.95",30,0,0,"2017/11/01 11:50:44.18",0,0,1,1
500,"2017/11/01 11:51:38.28",30,0,0,"2017/11/01 11:50:44.18",0,0,1,1
501,"2017/11/01 11:51:39.61",30,0,0,"2017/11/01 11:50:44.18",1,1,1,1
502,"2017/11/01 11:51:40.92",30,0,0,"2017/11/01 11:50:44.18",1,1,1,1
503,"2017/11/01 11:51:42.25",30,0,0,"2017/11/01 11:50:44.18",1,1,0,1
504,"2017/11/01 11:51:43.56",30,0,0,"2017/11/01 11:50:44.18",1,1,1,1
505,"2017/11/01 11:51:44.92",30,0,1,"2017/11/01 11:50:44.18",1,1,1,1
506,"2017/11/01 11:51:46.24",30,0,0,"2017/11/01 11:51:44.92",1,1,1,1
507,"2017/11/01 11:51:47.55",30,0,0,"2017/11/01 11:51:44.92",1,1,1,1
508,"2017/11/01 11:51:48.87",30,0,0,"2017/11/01 11:51:44.92",1,1,1,1
509,"2017/11/01 11:51:50.19",30,0,0,"2017/11/01 11:51:44.92",1,1,1,1
510,"2017/11/01 11:51:51.52",30,0,0,"2017/11/01 11:51:44.92",1,1,1,1
511,"2017/11/01 11:51:52.85",30,0,0,"2017/11/01 11:51:44.92",1,1,1,1
512,"2017/11/01 11:51:54.17",30,0,0,"2017/11/01 11:51:44.92",1,1,1,1
513,"2017/11/01 11:51:55.50",30,0,0,"2017/11/01 11:51:44.92",1,1,1,1
514,"2017/11/01 11:51:56.83",30,0,0,"2017/11/01 11:51:44.92",1,1,1,1
515,"2017/11/01 11:51:58.16",30,0,0,"2017/11/01 11:51:44.92",2,2,1,1
516,"2017/11/01 11:51:59.48",30,0,0,"2017/11/01 11:51:44.92",2,2,1,1
517,"2017/11/01 11:52:00.79",30,0,0,"2017/11/01 11:51:44.92",1,1,1,1
518,"2017/11/01 11:52:02.14",30,0,0,"2017/11/01 11:51:44.92",0,0,0,1
519,"2017/11/01 11:52:03.47",30,0,0,"2017/11/01 11:51:44.92",0,0,1,1
520,"2017/11/01 11:52:04.79",30,0,0,"2017/11/01 11:51:44.92",1,1,1,1
521,"2017/11/01 11:52:06.12",30,0,0,"2017/11/01 11:51:44.92",0,0,1,1
522,"2017/11/01 11:52:07.45",30,0,0,"2017/11/01 11:51:44.92",2,2,1,1
523,"2017/11/01 11:52:08.77",30,0,0,"2017/11/01 11:51:44.92",6,6,3,1
524,"2017/11/01 11:52:10.10",30,0,0,"2017/11/01 11:51:44.92",4,4,2,1
525,"2017/11/01 11:52:11.43",30,0,0,"2017/11/01 11:51:44.92",1,1,1,1
526,"2017/11/01 11:52:12.75",30,0,0,"2017/11/01 11:51:44.92",1,1,1,1
527,"2017/11/01 11:52:14.08",30,0,0,"2017/11/01 11:51:44.92",1,1,1,1
528,"2017/11/01 11:52:15.41",30,0,0,"2017/11/01 11:51:44.92",1,1,1,1
529,"2017/11/01 11:52:16.74",30,0,0,"2017/11/01 11:51:44.92",2,2,1,1
530,"2017/11/01 11:52:18.07",30,0,0,"2017/11/01 11:51:44.92",2,2,1,1
531,"2017/11/01 11:52:19.40",30,0,0,"2017/11/01 11:51:44.92",2,2,1,1
532,"2017/11/01 11:52:20.75",30,0,0,"2017/11/01 11:51:44.92",2,2,1,1
533,"2017/11/01 11:52:22.09",30,0,0,"2017/11/01 11:51:44.92",2,2,1,1
534,"2017/11/01 11:52:23.41",30,0,0,"2017/11/01 11:51:44.92",2,2,1,1
535,"2017/11/01 11:52:24.77",30,0,0,"2017/11/01 11:51:44.92",2,2,1,1
536,"2017/11/01 11:52:26.08",30,0,0,"2017/11/01 11:51:44.92",4,4,2,1
537,"2017/11/01 11:52:27.39",30,0,0,"2017/11/01 11:51:44.92",5,5,3,1
538,"2017/11/01 11:52:28.71",30,0,0,"2017/11/01 11:51:44.92",5,5,3,1
539,"2017/11/01 11:52:30.08",30,0,0,"2017/11/01 11:51:44.92",7,7,3,1
540,"2017/11/01 11:52:31.40",30,0,0,"2017/11/01 11:51:44.92",7,7,4,1
541,"2017/11/01 11:52:32.74",30,0,0,"2017/11/01 11:51:44.92",6,6,4,1
542,"2017/11/01 11:52:34.06",30,0,0,"2017/11/01 11:51:44.92",7,7,4,1
543,"2017/11/01 11:52:35.38",30,0,0,"2017/11/01 11:51:44.92",11,11,7,1
544,"2017/11/01 11:52:36.68",30,0,0,"2017/11/01 11:51:44.92",16,16,10,1
545,"2017/11/01 11:52:38.00",30,0,0,"2017/11/01 11:51:44.92",17,17,11,1
546,"2017/11/01 11:52:39.31",30,0,0,"2017/11/01 11:51:44.92",14,14,9,1
547,"2017/11/01 11:52:40.62",30,0,0,"2017/11/01 11:51:44.92",11,11,6,1
548,"2017/11/01 11:52:41.91",30,0,0,"2017/11/01 11:51:44.92",9,9,5,1
549,"2017/11/01 11:52:43.22",30,0,0,"2017/11/01 11:51:44.92",9,9,5,1
550,"2017/11/01 11:52:44.54",30,0,0,"2017/11/01 11:51:44.92",10,10,6,1
551,"2017/11/01 11:52:45.86",30,0,1,"2017/11/01 11:51:44.92",10,10,6,1
552,"2017/11/01 11:52:47.19",30,0,0,"2017/11/01 11:52:45.86",1,1,1,1
553,"2017/11/01 11:52:48.60",30,0,0,"2017/11/01 11:52:45.86",0,0,1,1
554,"2017/11/01 11:52:49.93",30,0,0,"2017/11/01 11:52:45.86",0,0,0,1
555,"2017/11/01 11:52:51.28",30,0,0,"2017/11/01 11:52:45.86",1,1,1,1
556,"2017/11/01 11:52:52.60",30,0,0,"2017/11/01 11:52:45.86",0,0,0,1
557,"2017/11/01 11:52:53.93",30,0,0,"2017/11/01 11:52:45.86",1,1,1,1
558,"2017/11/01 11:52:55.26",30,0,0,"2017/11/01 11:52:45.86",4,4,3,1
559,"2017/11/01 11:52:56.58",30,0,0,"2017/11/01 11:52:45.86",4,4,3,1
560,"2017/11/01 11:52:57.91",30,0,0,"2017/11/01 11:52:45.86",3,3,2,1
561,"2017/11/01 11:52:59.24",30,0,0,"2017/11/01 11:52:45.86",4,4,3,1
562,"2017/11/01 11:53:00.55",30,0,0,"2017/11/01 11:52:45.86",4,4,3,1
563,"2017/11/01 11:53:01.89",30,0,0,"2017/11/01 11:52:45.86",6,6,4,1
564,"2017/11/01 11:53:03.22",30,0,0,"2017/11/01 11:52:45.86",6,6,4,1
565,"2017/11/01 11:53:04.55",30,0,0,"2017/11/01 11:52:45.86",4,4,2,1
566,"2017/11/01 11:53:05.85",30,0,0,"2017/11/01 11:52:45.86",3,3,3,1
567,"2017/11/01 11:53:07.51",30,0,0,"2017/11/01 11:52:45.86",7,7,5,1
568,"2017/11/01 11:53:08.84",30,0,0,"2017/11/01 11:52:45.86",10,10,7,1
569,"2017/11/01 11:53:10.16",30,0,0,"2017/11/01 11:52:45.86",9,9,7,1
570,"2017/11/01 11:53:11.50",30,0,0,"2017/11/01 11:52:45.86",5,5,3,1
571,"2017/11/01 11:53:12.85",30,0,0,"2017/11/01 11:52:45.86",3,3,2,1
572,"2017/11/01 11:53:14.18",30,0,0,"2017/11/01 11:52:45.86",5,5,3,1
573,"2017/11/01 11:53:15.50",30,0,0,"2017/11/01 11:52:45.86",3,3,2,1
574,"2017/11/01 11:53:16.80",30,0,0,"2017/11/01 11:52:45.86",1,1,1,1
575,"2017/11/01 11:53:18.13",30,0,0,"2017/11/01 11:52:45.86",1,1,1,1
576,"2017/11/01 11:53:19.46",30,0,0,"2017/11/01 11:52:45.86",3,3,2,1
577,"2017/11/01 11:53:20.77",30,0,0,"2017/11/01 11:52:45.86",3,3,2,1
578,"2017/11/01 11:53:22.08",30,0,0,"2017/11/01 11:52:45.86",3,3,2,1
579,"2017/11/01 11:53:23.71",30,0,0,"2017/11/01 11:52:45.86",4,4,3,1
580,"2017/11/01 11:53:25.07",30,0,0,"2017/11/01 11:52:45.86",3,3,2,1
581,"2017/11/01 11:53:26.40",30,0,0,"2017/11/01 11:52:45.86",1,1,1,1
582,"2017/11/01 11:53:27.72",30,0,0,"2017/11/01 11:52:45.86",1,1,1,1
583,"2017/11/01 11:53:29.02",30,0,0,"2017/11/01 11:52:45.86",4,4,3,1
584,"2017/11/01 11:53:30.35",30,0,0,"2017/11/01 11:52:45.86",6,6,4,1
585,"2017/11/01 11:53:31.67",30,0,0,"2017/11/01 11:52:45.86",5,5,4,1
586,"2017/11/01 11:53:32.99",30,0,0,"2017/11/01 11:52:45.86",2,2,1,1
587,"2017/11/01 11:53:34.30",30,0,0,"2017/11/01 11:52:45.86",2,2,1,1
588,"2017/11/01 11:53:35.62",30,0,0,"2017/11/01 11:52:45.86",3,3,2,1
589,"2017/11/01 11:53:36.95",30,0,0,"2017/11/01 11:52:45.86",5,5,3,1
590,"2017/11/01 11:53:38.27",30,0,0,"2017/11/01 11:52:45.86",7,7,5,1
591,"2017/11/01 11:53:39.59",30,0,0,"2017/11/01 11:52:45.86",7,7,5,1
592,"2017/11/01 11:53:40.90",30,0,0,"2017/11/01 11:52:45.86",7,7,5,1
593,"2017/11/01 11:53:42.26",30,0,0,"2017/11/01 11:52:45.86",10,10,7,1
594,"2017/11/01 11:53:43.58",30,0,0,"2017/11/01 11:52:45.86",9,9,6,1
595,"2017/11/01 11:53:44.91",30,0,0,"2017/11/01 11:52:45.86",5,5,4,1
596,"2017/11/01 11:53:46.24",30,0,1,"2017/11/01 11:52:45.86",4,4,3,1
597,"2017/11/01 11:53:47.56",30,0,0,"2017/11/01 11:53:46.24",3,3,2,1
598,"2017/11/01 11:53:48.88",30,0,0,"2017/11/01 11:53:46.24",5,5,3,1
599,"2017/11/01 11:53:51.04",30,0,0,"2017/11/01 11:53:46.24",4,4,3,1
600,"2017/11/01 11:53:52.36",30,0,0,"2017/11/01 11:53:46.24",5,5,3,1
601,"2017/11/01 11:53:53.70",30,0,0,"2017/11/01 11:53:46.24",5,5,3,1
602,"2017/11/01 11:53:55.02",30,0,0,"2017/11/01 11:53:46.24",4,4,3,1
603,"2017/11/01 11:53:56.34",30,0,0,"2017/11/01 11:53:46.24",4,4,3,1
604,"2017/11/01 11:53:57.67",30,0,0,"2017/11/01 11:53:46.24",5,5,3,1
605,"2017/11/01 11:53:59.00",30,0,0,"2017/11/01 11:53:46.24",6,6,4,1
606,"2017/11/01 11:54:00.35",30,0,0,"2017/11/01 11:53:46.24",7,7,4,1
607,"2017/11/01 11:54:01.69",30,0,0,"2017/11/01 11:53:46.24",6,6,5,1
608,"2017/11/01 11:54:03.02",30,0,0,"2017/11/01 11:53:46.24",5,5,3,1
609,"2017/11/01 11:54:04.34",30,0,0,"2017/11/01 11:53:46.24",5,5,4,1
610,"2017/11/01 11:54:05.66",30,0,0,"2017/11/01 11:53:46.24",8,8,5,1
611,"2017/11/01 11:54:06.96",30,0,0,"2017/11/01 11:53:46.24",9,9,6,1
612,"2017/11/01 11:54:08.33",30,0,0,"2017/11/01 11:53:46.24",8,8,6,1
613,"2017/11/01 11:54:09.64",30,0,0,"2017/11/01 11:53:46.24",9,9,5,1
614,"2017/11/01 11:54:10.97",30,0,0,"2017/11/01 11:53:46.24",7,7,5,1
615,"2017/11/01 11:54:12.30",30,0,0,"2017/11/01 11:53:46.24",6,6,4,1
616,"2017/11/01 11:54:13.63",30,0,0,"2017/11/01 11:53:46.24",5,5,4,1
617,"2017/11/01 11:54:14.95",30,0,0,"2017/11/01 11:53:46.24",7,7,5,1
618,"2017/11/01 11:54:16.28",30,0,0,"2017/11/01 11:53:46.24",6,6,4,1
619,"2017/11/01 11:54:17.61",30,0,0,"2017/11/01 11:53:46.24",4,4,3,1
620,"2017/11/01 11:54:18.94",30,0,0,"2017/11/01 11:53:46.24",6,6,4,1
621,"2017/11/01 11:54:20.26",30,0,0,"2017/11/01 11:53:46.24",7,7,5,1
622,"2017/11/01 11:54:21.59",30,0,0,"2017/11/01 11:53:46.24",5,5,3,1
623,"2017/11/01 11:54:22.92",30,0,0,"2017/11/01 11:53:46.24",5,5,3,1
624,"2017/11/01 11:54:24.25",30,0,0,"2017/11/01 11:53:46.24",6,6,4,1
625,"2017/11/01 11:54:25.57",30,0,0,"2017/11/01 11:53:46.24",7,7,4,1
626,"2017/11/01 11:54:27.51",30,0,0,"2017/11/01 11:53:46.24",7,7,5,1
627,"2017/11/01 11:54:28.80",30,0,0,"2017/11/01 11:53:46.24",8,8,5,1
628,"2017/11/01 11:54:30.11",30,0,0,"2017/11/01 11:53:46.24",8,8,5,1
629,"2017/11/01 11:54:31.43",30,0,0,"2017/11/01 11:53:46.24",7,7,5,1
630,"2017/11/01 11:54:51.02",30,0,1,"2017/11/01 11:53:46.24",9,9,6,1
631,"2017/11/01 11:54:52.35",30,0,0,"2017/11/01 11:54:51.02",1,1,0,1
632,"2017/11/01 11:54:53.68",30,0,0,"2017/11/01 11:54:51.02",1,1,0,1
633,"2017/11/01 11:54:55.01",30,0,0,"2017/11/01 11:54:51.02",4,4,2,1
634,"2017/11/01 11:54:56.33",30,0,0,"2017/11/01 11:54:51.02",7,7,4,1
635,"2017/11/01 11:55:00.73",30,0,0,"2017/11/01 11:54:51.02",1,1,0,1
636,"2017/11/01 11:55:02.05",30,0,0,"2017/11/01 11:54:51.02",1,1,0,1
637,"2017/11/01 11:55:03.38",30,0,0,"2017/11/01 11:54:51.02",1,1,0,1
638,"2017/11/01 11:55:04.70",30,0,0,"2017/11/01 11:54:51.02",1,1,1,1
639,"2017/11/01 11:55:06.00",30,0,0,"2017/11/01 11:54:51.02",3,3,1,1
640,"2017/11/01 11:55:07.29",30,0,0,"2017/11/01 11:54:51.02",3,3,2,1
641,"2017/11/01 11:55:08.59",30,0,0,"2017/11/01 11:54:51.02",2,2,2,1
642,"2017/11/01 11:55:09.89",30,0,0,"2017/11/01 11:54:51.02",1,1,1,1
643,"2017/11/01 11:55:11.21",30,0,0,"2017/11/01 11:54:51.02",2,2,1,1
644,"2017/11/01 11:55:12.50",30,0,0,"2017/11/01 11:54:51.02",3,3,2,1
645,"2017/11/01 11:55:13.79",30,0,0,"2017/11/01 11:54:51.02",4,4,3,1
646,"2017/11/01 11:55:15.12",30,0,0,"2017/11/01 11:54:51.02",6,6,3,1
647,"2017/11/01 11:55:16.43",30,0,0,"2017/11/01 11:54:51.02",7,7,4,1
648,"2017/11/01 11:55:17.74",30,0,0,"2017/11/01 11:54:51.02",7,7,4,1
649,"2017/11/01 11:55:19.14",30,0,0,"2017/11/01 11:54:51.02",7,7,5,1
650,"2017/11/01 11:55:20.45",30,0,0,"2017/11/01 11:54:51.02",6,6,4,1
651,"2017/11/01 11:55:21.76",30,0,0,"2017/11/01 11:54:51.02",5,5,3,1
652,"2017/11/01 11:55:23.09",30,0,0,"2017/11/01 11:54:51.02",5,5,3,1
653,"2017/11/01 11:55:24.42",30,0,0,"2017/11/01 11:54:51.02",5,5,4,1
654,"2017/11/01 11:55:25.77",30,0,0,"2017/11/01 11:54:51.02",6,6,4,1
655,"2017/11/01 11:55:27.08",30,0,0,"2017/11/01 11:54:51.02",6,6,4,1
656,"2017/11/01 11:55:28.40",30,0,0,"2017/11/01 11:54:51.02",8,8,6,1
657,"2017/11/01 11:55:29.76",30,0,0,"2017/11/01 11:54:51.02",9,9,5,1
658,"2017/11/01 11:55:31.09",30,0,0,"2017/11/01 11:54:51.02",7,7,5,1
659,"2017/11/01 11:55:32.42",30,0,0,"2017/11/01 11:54:51.02",7,7,5,1
660,"2017/11/01 11:55:33.75",30,0,0,"2017/11/01 11:54:51.02",7,7,4,1
661,"2017/11/01 11:55:35.07",30,0,0,"2017/11/01 11:54:51.02",7,7,4,1
662,"2017/11/01 11:55:36.39",30,0,0,"2017/11/01 11:54:51.02",8,8,5,1
663,"2017/11/01 11:55:37.69",30,0,0,"2017/11/01 11:54:51.02",8,8,6,1
664,"2017/11/01 11:55:39.08",30,0,0,"2017/11/01 11:54:51.02",9,9,6,1
665,"2017/11/01 11:55:40.38",30,0,0,"2017/11/01 11:54:51.02",9,9,6,1
666,"2017/11/01 11:55:41.68",30,0,0,"2017/11/01 11:54:51.02",8,8,5,1
667,"2017/11/01 11:55:43.00",30,0,0,"2017/11/01 11:54:51.02",7,7,5,1
668,"2017/11/01 11:55:44.33",30,0,0,"2017/11/01 11:54:51.02",7,7,5,1
669,"2017/11/01 11:55:45.65",30,0,0,"2017/11/01 11:54:51.02",6,6,4,1
670,"2017/11/01 11:55:46.98",30,0,0,"2017/11/01 11:54:51.02",6,6,4,1
671,"2017/11/01 11:55:48.31",30,0,0,"2017/11/01 11:54:51.02",4,4,5,1
672,"2017/11/01 11:55:49.61",30,0,0,"2017/11/01 11:54:51.02",4,4,2,1
673,"2017/11/01 11:55:50.93",30,0,0,"2017/11/01 11:54:51.02",4,4,3,1
674,"2017/11/01 11:55:52.25",30,0,1,"2017/11/01 11:54:51.02",4,4,3,1
675,"2017/11/01 11:55:53.55",30,0,0,"2017/11/01 11:55:52.25",0,0,0,1
676,"2017/11/01 11:55:54.87",30,0,0,"2017/11/01 11:55:52.25",1,1,1,1
677,"2017/11/01 11:55:56.17",30,0,0,"2017/11/01 11:55:52.25",0,0,1,1
678,"2017/11/01 11:55:57.49",30,0,0,"2017/11/01 11:55:52.25",1,1,1,1
679,"2017/11/01 11:55:58.83",30,0,0,"2017/11/01 11:55:52.25",0,0,0,1
680,"2017/11/01 11:56:00.12",30,0,0,"2017/11/01 11:55:52.25",1,1,0,1
681,"2017/11/01 11:56:01.42",30,0,0,"2017/11/01 11:55:52.25",0,0,1,1
682,"2017/11/01 11:56:02.74",30,0,0,"2017/11/01 11:55:52.25",1,1,1,1
683,"2017/11/01 11:56:04.06",30,0,0,"2017/11/01 11:55:52.25",1,1,1,1
684,"2017/11/01 11:56:05.53",30,0,0,"2017/11/01 11:55:52.25",0,0,0,1
685,"2017/11/01 11:56:06.85",30,0,0,"2017/11/01 11:55:52.25",0,0,0,1
686,"2017/11/01 11:56:08.18",30,0,0,"2017/11/01 11:55:52.25",0,0,1,1
687,"2017/11/01 11:56:09.48",30,0,0,"2017/11/01 11:55:52.25",0,0,0,1
688,"2017/11/01 11:56:10.79",30,0,0,"2017/11/01 11:55:52.25",0,0,1,1
689,"2017/11/01 11:56:12.09",30,0,0,"2017/11/01 11:55:52.25",0,0,0,1
690,"2017/11/01 11:56:13.42",30,0,0,"2017/11/01 11:55:52.25",1,1,1,1
691,"2017/11/01 11:56:14.75",30,0,0,"2017/11/01 11:55:52.25",1,1,1,1
692,"2017/11/01 11:56:16.08",30,0,0,"2017/11/01 11:55:52.25",1,1,1,1
693,"2017/11/01 11:56:17.38",30,0,0,"2017/11/01 11:55:52.25",1,1,1,1
694,"2017/11/01 11:56:18.70",30,0,0,"2017/11/01 11:55:52.25",1,1,1,1
695,"2017/11/01 11:56:20.01",30,0,0,"2017/11/01 11:55:52.25",1,1,0,1
696,"2017/11/01 11:56:21.32",30,0,0,"2017/11/01 11:55:52.25",1,1,0,1
697,"2017/11/01 11:56:22.64",30,0,0,"2017/11/01 11:55:52.25",1,1,0,1
698,"2017/11/01 11:56:23.94",30,0,0,"2017/11/01 11:55:52.25",1,1,0,1
699,"2017/11/01 11:56:25.24",30,0,0,"2017/11/01 11:55:52.25",1,1,0,1
700,"2017/11/01 11:56:26.58",30,0,0,"2017/11/01 11:55:52.25",0,0,0,1
701,"2017/11/01 11:56:27.92",30,0,0,"2017/11/01 11:55:52.25",1,1,0,1
702,"2017/11/01 11:56:29.25",30,0,0,"2017/11/01 11:55:52.25",0,0,0,1
703,"2017/11/01 11:56:30.57",30,0,0,"2017/11/01 11:55:52.25",0,0,0,1
704,"2017/11/01 11:56:31.90",30,0,0,"2017/11/01 11:55:52.25",1,1,0,1
705,"2017/11/01 11:56:33.23",30,0,0,"2017/11/01 11:55:52.25",0,0,0,1
706,"2017/11/01 11:56:34.56",30,0,0,"2017/11/01 11:55:52.25",1,1,1,1
707,"2017/11/01 11:56:35.88",30,0,0,"2017/11/01 11:55:52.25",2,2,1,1
708,"2017/11/01 11:56:37.93",30,0,0,"2017/11/01 11:55:52.25",2,2,1,1
709,"2017/11/01 11:56:39.25",30,0,0,"2017/11/01 11:55:52.25",1,1,1,1
710,"2017/11/01 11:56:40.58",30,0,0,"2017/11/01 11:55:52.25",2,2,1,1
711,"2017/11/01 11:56:41.88",30,0,0,"2017/11/01 11:55:52.25",2,2,1,1
712,"2017/11/01 11:56:43.21",30,0,0,"2017/11/01 11:55:52.25",0,0,1,1
713,"2017/11/01 11:56:44.53",30,0,0,"2017/11/01 11:55:52.25",0,0,1,1
714,"2017/11/01 11:56:45.85",30,0,0,"2017/11/01 11:55:52.25",2,2,1,1
715,"2017/11/01 11:56:47.18",30,0,0,"2017/11/01 11:55:52.25",2,2,1,1
716,"2017/11/01 11:56:48.51",30,0,0,"2017/11/01 11:55:52.25",2,2,1,1
717,"2017/11/01 11:56:49.81",30,0,0,"2017/11/01 11:55:52.25",2,2,1,1
718,"2017/11/01 11:56:51.12",30,0,0,"2017/11/01 11:55:52.25",2,2,1,1
719,"2017/11/01 11:56:52.42",30,0,1,"2017/11/01 11:55:52.25",2,2,1,1
720,"2017/11/01 11:56:53.72",30,0,0,"2017/11/01 11:56:52.42",1,1,0,1
721,"2017/11/01 11:56:55.04",30,0,0,"2017/11/01 11:56:52.42",3,3,1,1
722,"2017/11/01 11:56:56.34",30,0,0,"2017/11/01 11:56:52.42",3,3,1,1
723,"2017/11/01 11:56:57.65",30,0,0,"2017/11/01 11:56:52.42",1,1,1,1
724,"2017/11/01 11:56:58.96",30,0,0,"2017/11/01 11:56:52.42",1,1,0,1
725,"2017/11/01 11:57:00.28",30,0,0,"2017/11/01 11:56:52.42",1,1,0,1
726,"2017/11/01 11:57:01.59",30,0,0,"2017/11/01 11:56:52.42",1,1,0,1
727,"2017/11/01 11:57:02.93",30,0,0,"2017/11/01 11:56:52.42",2,2,1,1
728,"2017/11/01 11:57:04.23",30,0,0,"2017/11/01 11:56:52.42",3,3,2,1
729,"2017/11/01 11:57:05.56",30,0,0,"2017/11/01 11:56:52.42",3,3,1,1
730,"2017/11/01 11:57:06.88",30,0,0,"2017/11/01 11:56:52.42",2,2,1,1
731,"2017/11/01 11:57:08.18",30,0,0,"2017/11/01 11:56:52.42",1,1,1,1
732,"2017/11/01 11:57:09.57",30,0,0,"2017/11/01 11:56:52.42",1,1,0,1
733,"2017/11/01 11:57:10.87",30,0,0,"2017/11/01 11:56:52.42",2,2,1,1
734,"2017/11/01 11:57:12.19",30,0,0,"2017/11/01 11:56:52.42",2,2,1,1
735,"2017/11/01 11:57:13.52",30,0,0,"2017/11/01 11:56:52.42",1,1,0,1
736,"2017/11/01 11:57:15.91",30,0,0,"2017/11/01 11:56:52.42",1,1,1,1
737,"2017/11/01 11:57:17.23",30,0,0,"2017/11/01 11:56:52.42",3,3,1,1
738,"2017/11/01 11:57:18.53",30,0,0,"2017/11/01 11:56:52.42",4,4,2,1
739,"2017/11/01 11:57:19.86",30,0,0,"2017/11/01 11:56:52.42",6,6,3,1
740,"2017/11/01 11:57:21.55",30,0,0,"2017/11/01 11:56:52.42",6,6,3,1
741,"2017/11/01 11:57:22.85",30,0,0,"2017/11/01 11:56:52.42",6,6,3,1
742,"2017/11/01 11:57:24.18",30,0,0,"2017/11/01 11:56:52.42",5,5,3,1
743,"2017/11/01 11:57:25.50",30,0,0,"2017/11/01 11:56:52.42",6,6,3,1
744,"2017/11/01 11:57:27.30",30,0,0,"2017/11/01 11:56:52.42",4,4,2,1
745,"2017/11/01 11:57:28.60",30,0,0,"2017/11/01 11:56:52.42",3,3,2,1
746,"2017/11/01 11:57:29.92",30,0,0,"2017/11/01 11:56:52.42",3,3,1,1
747,"2017/11/01 11:57:31.23",30,0,0,"2017/11/01 11:56:52.42",2,2,1,1
748,"2017/11/01 11:57:32.55",30,0,0,"2017/11/01 11:56:52.42",2,2,1,1
749,"2017/11/01 11:57:33.87",30,0,0,"2017/11/01 11:56:52.42",2,2,1,1
750,"2017/11/01 11:57:35.17",30,0,0,"2017/11/01 11:56:52.42",3,3,1,1
751,"2017/11/01 11:57:36.49",30,0,0,"2017/11/01 11:56:52.42",2,2,2,1
752,"2017/11/01 11:57:37.82",30,0,0,"2017/11/01 11:56:52.42",3,3,1,1
753,"2017/11/01 11:57:39.12",30,0,0,"2017/11/01 11:56:52.42",4,4,2,1
754,"2017/11/01 11:57:40.44",30,0,0,"2017/11/01 11:56:52.42",5,5,2,1
755,"2017/11/01 11:57:41.77",30,0,0,"2017/11/01 11:56:52.42",4,4,2,1
756,"2017/11/01 11:57:43.07",30,0,0,"2017/11/01 11:56:52.42",3,3,2,1
757,"2017/11/01 11:57:44.39",30,0,0,"2017/11/01 11:56:52.42",2,2,1,1
758,"2017/11/01 11:57:45.71",30,0,0,"2017/11/01 11:56:52.42",2,2,1,1
759,"2017/11/01 11:57:47.03",30,0,0,"2017/11/01 11:56:52.42",1,1,1,1
760,"2017/11/01 11:57:48.88",30,0,0,"2017/11/01 11:56:52.42",3,3,1,1
761,"2017/11/01 11:57:50.24",30,0,0,"2017/11/01 11:56:52.42",5,5,3,1
762,"2017/11/01 11:57:51.53",30,0,0,"2017/11/01 11:56:52.42",6,6,3,1
763,"2017/11/01 11:57:52.83",30,0,1,"2017/11/01 11:56:52.42",6,6,3,1
764,"2017/11/01 11:57:54.13",30,0,0,"2017/11/01 11:57:52.83",0,0,0,1
765,"2017/11/01 11:57:55.45",30,0,0,"2017/11/01 11:57:52.83",1,1,1,1
766,"2017/11/01 11:57:56.77",30,0,0,"2017/11/01 11:57:52.83",2,2,1,1
767,"2017/11/01 11:57:58.10",30,0,0,"2017/11/01 11:57:52.83",2,2,1,1
768,"2017/11/01 11:57:59.43",30,0,0,"2017/11/01 11:57:52.83",1,1,1,1
769,"2017/11/01 11:58:00.75",30,0,0,"2017/11/01 11:57:52.83",0,0,0,1
770,"2017/11/01 11:58:02.08",30,0,0,"2017/11/01 11:57:52.83",0,0,1,1
771,"2017/11/01 11:58:03.41",30,0,0,"2017/11/01 11:57:52.83",3,3,1,1
772,"2017/11/01 11:58:04.81",30,0,0,"2017/11/01 11:57:52.83",2,2,2,1
773,"2017/11/01 11:58:06.13",30,0,0,"2017/11/01 11:57:52.83",3,3,2,1
774,"2017/11/01 11:58:07.45",30,0,0,"2017/11/01 11:57:52.83",3,3,2,1
775,"2017/11/01 11:58:08.75",30,0,0,"2017/11/01 11:57:52.83",3,3,2,1
776,"2017/11/01 11:58:10.08",30,0,0,"2017/11/01 11:57:52.83",3,3,2,1
777,"2017/11/01 11:58:11.38",30,0,0,"2017/11/01 11:57:52.83",3,3,2,1
778,"2017/11/01 11:58:12.70",30,0,0,"2017/11/01 11:57:52.83",3,3,2,1
779,"2017/11/01 11:58:14.02",30,0,0,"2017/11/01 11:57:52.83",3,3,2,1
780,"2017/11/01 11:58:15.32",30,0,0,"2017/11/01 11:57:52.83",3,3,1,1
781,"2017/11/01 11:58:16.65",30,0,0,"2017/11/01 11:57:52.83",3,3,2,1
782,"2017/11/01 11:58:17.97",30,0,0,"2017/11/01 11:57:52.83",3,3,2,1
783,"2017/11/01 11:58:19.30",30,0,0,"2017/11/01 11:57:52.83",4,4,3,1
784,"2017/11/01 11:58:20.60",30,0,0,"2017/11/01 11:57:52.83",3,3,2,1
785,"2017/11/01 11:58:21.95",30,0,0,"2017/11/01 11:57:52.83",4,4,3,1
786,"2017/11/01 11:58:23.25",30,0,0,"2017/11/01 11:57:52.83",3,3,2,1
787,"2017/11/01 11:58:24.58",30,0,0,"2017/11/01 11:57:52.83",3,3,2,1
788,"2017/11/01 11:58:25.91",30,0,0,"2017/11/01 11:57:52.83",1,1,1,1
789,"2017/11/01 11:58:27.23",30,0,0,"2017/11/01 11:57:52.83",0,0,0,1
790,"2017/11/01 11:58:28.56",30,0,0,"2017/11/01 11:57:52.83",1,1,1,1
791,"2017/11/01 11:58:29.89",30,0,0,"2017/11/01 11:57:52.83",2,2,1,1
792,"2017/11/01 11:58:31.21",30,0,0,"2017/11/01 11:57:52.83",1,1,1,1
793,"2017/11/01 11:58:32.54",30,0,0,"2017/11/01 11:57:52.83",1,1,1,1
794,"2017/11/01 11:58:33.85",30,0,0,"2017/11/01 11:57:52.83",1,1,1,1
795,"2017/11/01 11:58:35.17",30,0,0,"2017/11/01 11:57:52.83",0,0,0,1
796,"2017/11/01 11:58:36.49",30,0,0,"2017/11/01 11:57:52.83",0,0,0,1
797,"2017/11/01 11:58:37.81",30,0,0,"2017/11/01 11:57:52.83",0,0,0,1
798,"2017/11/01 11:58:39.14",30,0,0,"2017/11/01 11:57:52.83",1,1,1,1
799,"2017/11/01 11:58:40.47",30,0,0,"2017/11/01 11:57:52.83",2,2,1,1
800,"2017/11/01 11:58:41.80",30,0,0,"2017/11/01 11:57:52.83",2,2,1,1
801,"2017/11/01 11:58:43.12",30,0,0,"2017/11/01 11:57:52.83",2,2,1,1
802,"2017/11/01 11:58:44.43",30,0,0,"2017/11/01 11:57:52.83",1,1,1,1
803,"2017/11/01 11:58:45.74",30,0,0,"2017/11/01 11:57:52.83",2,2,1,1
804,"2017/11/01 11:58:47.08",30,0,0,"2017/11/01 11:57:52.83",5,5,3,1
805,"2017/11/01 11:58:48.40",30,0,0,"2017/11/01 11:57:52.83",5,5,3,1
806,"2017/11/01 11:58:49.73",30,0,0,"2017/11/01 11:57:52.83",1,1,1,1
807,"2017/11/01 11:58:51.05",30,0,0,"2017/11/01 11:57:52.83",1,1,0,1
808,"2017/11/01 11:58:52.38",30,0,0,"2017/11/01 11:57:52.83",1,1,1,1
809,"2017/11/01 11:58:53.71",30,0,1,"2017/11/01 11:57:52.83",2,2,1,1
810,"2017/11/01 11:58:55.03",30,0,0,"2017/11/01 11:58:53.71",2,2,1,1
811,"2017/11/01 11:58:56.36",30,0,0,"2017/11/01 11:58:53.71",2,2,1,1
812,"2017/11/01 11:58:57.68",30,0,0,"2017/11/01 11:58:53.71",2,2,1,1
813,"2017/11/01 11:58:58.99",30,0,0,"2017/11/01 11:58:53.71",3,3,2,1
814,"2017/11/01 11:59:00.34",30,0,0,"2017/11/01 11:58:53.71",1,1,1,1
815,"2017/11/01 11:59:01.67",30,0,0,"2017/11/01 11:58:53.71",1,1,1,1
816,"2017/11/01 11:59:03.00",30,0,0,"2017/11/01 11:58:53.71",1,1,1,1
817,"2017/11/01 11:59:04.36",30,0,0,"2017/11/01 11:58:53.71",1,1,2,1
818,"2017/11/01 11:59:05.69",30,0,0,"2017/11/01 11:58:53.71",2,2,1,1
819,"2017/11/01 11:59:07.01",30,0,0,"2017/11/01 11:58:53.71",2,2,1,1
820,"2017/11/01 11:59:08.34",30,0,0,"2017/11/01 11:58:53.71",1,1,1,1
821,"2017/11/01 11:59:09.67",30,0,0,"2017/11/01 11:58:53.71",1,1,0,1
822,"2017/11/01 11:59:10.99",30,0,0,"2017/11/01 11:58:53.71",1,1,1,1
823,"2017/11/01 11:59:12.32",30,0,0,"2017/11/01 11:58:53.71",0,0,0,1
824,"2017/11/01 11:59:13.64",30,0,0,"2017/11/01 11:58:53.71",1,1,1,1
825,"2017/11/01 11:59:14.98",30,0,0,"2017/11/01 11:58:53.71",1,1,0,1
826,"2017/11/01 11:59:16.30",30,0,0,"2017/11/01 11:58:53.71",1,1,1,1
827,"2017/11/01 11:59:17.63",30,0,0,"2017/11/01 11:58:53.71",1,1,0,1
828,"2017/11/01 11:59:18.96",30,0,0,"2017/11/01 11:58:53.71",1,1,0,1
829,"2017/11/01 11:59:20.29",30,0,0,"2017/11/01 11:58:53.71",1,1,0,1
830,"2017/11/01 11:59:21.61",30,0,0,"2017/11/01 11:58:53.71",1,1,0,1
831,"2017/11/01 11:59:22.91",30,0,0,"2017/11/01 11:58:53.71",1,1,1,1
832,"2017/11/01 11:59:24.23",30,0,0,"2017/11/01 11:58:53.71",1,1,0,1
833,"2017/11/01 11:59:25.56",30,0,0,"2017/11/01 11:58:53.71",1,1,0,1
834,"2017/11/01 11:59:26.86",30,0,0,"2017/11/01 11:58:53.71",1,1,0,1
835,"2017/11/01 11:59:28.18",30,0,0,"2017/11/01 11:58:53.71",1,1,0,1
836,"2017/11/01 11:59:29.48",30,0,0,"2017/11/01 11:58:53.71",1,1,1,1
837,"2017/11/01 11:59:30.80",30,0,0,"2017/11/01 11:58:53.71",1,1,0,1
838,"2017/11/01 11:59:32.13",30,0,0,"2017/11/01 11:58:53.71",1,1,0,1
839,"2017/11/01 11:59:33.46",30,0,0,"2017/11/01 11:58:53.71",0,0,0,1
840,"2017/11/01 11:59:36.64",30,0,0,"2017/11/01 11:58:53.71",1,1,1,1
841,"2017/11/01 11:59:37.97",30,0,0,"2017/11/01 11:58:53.71",1,1,0,1
842,"2017/11/01 11:59:39.27",30,0,0,"2017/11/01 11:58:53.71",1,1,1,1
843,"2017/11/01 11:59:40.60",30,0,0,"2017/11/01 11:58:53.71",1,1,0,1
844,"2017/11/01 11:59:41.91",30,0,0,"2017/11/01 11:58:53.71",1,1,1,1
845,"2017/11/01 11:59:43.26",30,0,0,"2017/11/01 11:58:53.71",1,1,1,1
846,"2017/11/01 11:59:44.56",30,0,0,"2017/11/01 11:58:53.71",1,1,0,1
847,"2017/11/01 11:59:45.88",30,0,0,"2017/11/01 11:58:53.71",1,1,1,1
848,"2017/11/01 11:59:47.18",30,0,0,"2017/11/01 11:58:53.71",1,1,1,1
849,"2017/11/01 11:59:48.50",30,0,0,"2017/11/01 11:58:53.71",1,1,0,1
850,"2017/11/01 11:59:49.82",30,0,0,"2017/11/01 11:58:53.71",1,1,1,1
851,"2017/11/01 11:59:51.15",30,0,0,"2017/11/01 11:58:53.71",1,1,1,1
852,"2017/11/01 11:59:52.45",30,0,0,"2017/11/01 11:58:53.71",2,2,2,1
853,"2017/11/01 11:59:53.77",30,0,1,"2017/11/01 11:58:53.71",1,1,1,1
854,"2017/11/01 11:59:55.07",30,0,0,"2017/11/01 11:59:53.77",1,1,1,1
855,"2017/11/01 11:59:56.36",30,0,0,"2017/11/01 11:59:53.77",0,0,0,1
856,"2017/11/01 11:59:57.69",30,0,0,"2017/11/01 11:59:53.77",1,1,1,1
857,"2017/11/01 11:59:59.00",30,0,0,"2017/11/01 11:59:53.77",2,2,2,1
858,"2017/11/01 12:00:00.31",30,0,0,"2017/11/01 11:59:53.77",1,1,0,1
859,"2017/11/01 12:00:01.71",30,0,0,"2017/11/01 11:59:53.77",1,1,0,1
860,"2017/11/01 12:00:03.03",30,0,0,"2017/11/01 11:59:53.77",1,1,0,1
861,"2017/11/01 12:00:04.38",30,0,0,"2017/11/01 11:59:53.77",1,1,1,1
862,"2017/11/01 12:00:05.68",30,0,0,"2017/11/01 11:59:53.77",2,2,1,1
863,"2017/11/01 12:00:07.01",30,0,0,"2017/11/01 11:59:53.77",2,2,1,1
864,"2017/11/01 12:00:08.34",30,0,0,"2017/11/01 11:59:53.77",2,2,2,1
865,"2017/11/01 12:00:09.67",30,0,0,"2017/11/01 11:59:53.77",3,3,2,1
866,"2017/11/01 12:00:10.97",30,0,0,"2017/11/01 11:59:53.77",3,3,3,1
867,"2017/11/01 12:00:12.29",30,0,0,"2017/11/01 11:59:53.77",2,2,1,1
868,"2017/11/01 12:00:13.61",30,0,0,"2017/11/01 11:59:53.77",0,0,0,1
869,"2017/11/01 12:00:14.91",30,0,0,"2017/11/01 11:59:53.77",0,0,0,1
870,"2017/11/01 12:00:16.23",30,0,0,"2017/11/01 11:59:53.77",1,1,0,1
871,"2017/11/01 12:00:17.54",30,0,0,"2017/11/01 11:59:53.77",1,1,0,1
872,"2017/11/01 12:00:18.85",30,0,0,"2017/11/01 11:59:53.77",3,3,1,1
873,"2017/11/01 12:00:20.15",30,0,0,"2017/11/01 11:59:53.77",1,1,1,1
874,"2017/11/01 12:00:21.47",30,0,0,"2017/11/01 11:59:53.77",1,1,1,1
875,"2017/11/01 12:00:22.80",30,0,0,"2017/11/01 11:59:53.77",1,1,0,1
876,"2017/11/01 13:22:29.26",30,0,0,"2017/11/01 13:21:45.41",2,2,1,1
877,"2017/11/01 13:22:31.47",30,0,0,"2017/11/01 13:21:45.41",1,1,1,1
878,"2017/11/01 13:22:32.79",30,0,0,"2017/11/01 13:21:45.41",0,0,1,1
879,"2017/11/01 13:22:34.08",30,0,0,"2017/11/01 13:21:45.41",2,2,1,1
880,"2017/11/01 13:22:36.10",30,0,0,"2017/11/01 13:21:45.41",3,3,3,1
881,"2017/11/01 13:22:37.43",30,0,0,"2017/11/01 13:21:45.41",4,4,3,1
882,"2017/11/01 13:22:38.77",30,0,0,"2017/11/01 13:21:45.41",4,4,3,1
883,"2017/11/01 13:22:40.08",30,0,0,"2017/11/01 13:21:45.41",4,4,3,1
884,"2017/11/01 13:22:41.40",30,0,0,"2017/11/01 13:21:45.41",4,4,3,1
885,"2017/11/01 13:22:42.73",30,0,0,"2017/11/01 13:21:45.41",6,6,3,1
886,"2017/11/01 13:22:44.03",30,0,0,"2017/11/01 13:21:45.41",5,5,3,1
887,"2017/11/01 13:22:45.38",30,0,0,"2017/11/01 13:21:45.41",3,3,2,1
888,"2017/11/01 13:22:46.68",30,0,1,"2017/11/01 13:21:45.41",2,2,1,1
889,"2017/11/01 13:22:48.01",30,0,0,"2017/11/01 13:22:46.68",0,0,0,1
890,"2017/11/01 13:22:49.33",30,0,0,"2017/11/01 13:22:46.68",2,2,1,1
891,"2017/11/01 13:22:50.66",30,0,0,"2017/11/01 13:22:46.68",3,3,2,1
892,"2017/11/01 13:22:51.99",30,0,0,"2017/11/01 13:22:46.68",3,3,2,1
893,"2017/11/01 13:22:53.31",30,0,0,"2017/11/01 13:22:46.68",1,1,1,1
894,"2017/11/01 13:22:54.64",30,0,0,"2017/11/01 13:22:46.68",0,0,0,1
895,"2017/11/01 13:23:02.67",30,0,0,"2017/11/01 13:22:46.68",5,5,3,1
896,"2017/11/01 13:23:04.64",30,0,0,"2017/11/01 13:22:46.68",7,7,4,1
897,"2017/11/01 13:23:05.94",30,0,0,"2017/11/01 13:22:46.68",6,6,4,1
